Start Date,End Date,Response Type,IP Address,Progress,Duration (in seconds),Finished,Recorded Date,Response ID,Recipient Last Name,Recipient First Name,Recipient Email,External Data Reference,Location Latitude,Location Longitude,Distribution Channel,User Language,Study_Participant_ID,What is the Virtual Silcton unique identifier? (Copy and paste below),Browser Meta Info - Browser,Browser Meta Info - Version,Browser Meta Info - Operating System,Browser Meta Info - Resolution,What is your age?,"How many years of education have you completed? 
 

Completing high school is equivalent to 12 years of education (e.g., an undergraduate student will have completed 14 years of education by the end of their second year at college / university).",Is English your first language?,Do you normally write with your right hand?,What sex were you assigned at birth?,Q8,What is your gender identity? - Other (please specify) - Text,What is your sexual orientation? - Selected Choice,What is your sexual orientation? - Other (please specify) - Text,What is your race / ethnicity? - Selected Choice,What is your race / ethnicity? - Other (please specify) - Text,1) - I am very good at giving directions.,2) - I have a poor memory for where I left things.,3) - I am very good at judging distances.,"4) - My ""sense of direction"" is very good.","5) - I tend to think of my environment in terms of cardinal directions (N, S, E, W).",6) - I very easily get lost in a new city.,7) - I enjoy reading maps.,8) - I have trouble understanding directions.,9) - I am very good at reading maps.,10) - I don't remember routes very well while riding as a passenger in a car.,11) - I don't enjoy giving directions.,12) - It's not important to me to know where I am.,13) - I usually let someone else do the navigational planning for long trips.,14) - I can usually remember a new route after I have traveled it only once.,"15) - I don't have a very good ""mental map"" of my environment.","When planning a route, do you picture a map of your route or do you picture scenes of what you will see along the way? - Selected Choice","When planning a route, do you picture a map of your route or do you picture scenes of what you will see along the way? - Other: - Text",Do you consider yourself a good navigator?,Do you find it easy to read and use maps?,How often do you get disoriented while finding your way around?,"When thinking about a familiar street, how well can you picture the buildings along it?","Would you give directions to a friend in terms of landmarks (i.e. when you see the subway stop, turn left) or in terms of map directions (i.e. walk north four blocks, then turn left)? - Selected Choice","Would you give directions to a friend in terms of landmarks (i.e. when you see the subway stop, turn left) or in terms of map directions (i.e. walk north four blocks, then turn left)? - Other: - Text",Do you picture travelling a route on street level or from a bird's eye view? - Selected Choice,Do you picture travelling a route on street level or from a bird's eye view? - Other: - Text,"When navigating in an area you know well, do you usually just know where to go or do you need to look around at the surroundings to decide (e.g. coming out of a subway station)?","When traveling along a new route, do you usually remember what buildings you've passed?",Would you prefer to navigate using a list of directions or a map,Do you use landmarks (i.e. familiar buildings) to orient yourself when navigating?,"Do you find you're flexible navigating along routes (i.e. you can take new shortcuts easily, or do you prefer to follow the same path every time?",How easily could you draw a map of the city that you know?,"Do you think that you navigate by following a mental map, or working on scene at a time. - Selected Choice","Do you think that you navigate by following a mental map, or working on scene at a time. - Other: - Text","Z”˛;mso-bidi-font-family:P>Z”˛;
color:black"">How much video game experience do you have?",How good do you feel you are at playing video games?,Do you currently play video games?,How often (approximately) do you currently play video games?,How many years have you consistently played video games (lifetime)?,"At your peak playing, how many hours per week did you play video games?",Within the past five years how often have you played any video games?,Do you currently have a device to play video games?,What type of device(s)? Exclude immersive VR setups.,"This next set of questions have to do with a specific kind of video game. 
Have you ever played video games involving navigation, walking, or driving (examples include Grand Theft Auto, Halo, Call of Duty, World of Warcraft, League of Legends, Minecraft, Legend of Zelda: Breath of the Wild)?","How often (approximately) do you currently play video games involving navigation, walking, or driving?","At your peak playing, how many hours per week did you play video games involving navigation, walking, or driving?",What are your Top 4 (in order) video games that you like to play? (write Not Applicable if you don't play video games) - 1.,What are your Top 4 (in order) video games that you like to play? (write Not Applicable if you don't play video games) - 2.,What are your Top 4 (in order) video games that you like to play? (write Not Applicable if you don't play video games) - 3.,What are your Top 4 (in order) video games that you like to play? (write Not Applicable if you don't play video games) - 4.,"Select your top 3 genres or video game categories that you enjoy playing. (Leave blank if you do not play video games). - Groups - Your Top 3 Genres, or video game categories, that you enjoy playing.","Select your top 3 genres or video game categories that you enjoy playing. (Leave blank if you do not play video games). - Ranks - Your Top 3 Genres, or video game categories, that you enjoy playing. - Action - Rank","Select your top 3 genres or video game categories that you enjoy playing. (Leave blank if you do not play video games). - Ranks - Your Top 3 Genres, or video game categories, that you enjoy playing. - Adventure Fighting - Rank","Select your top 3 genres or video game categories that you enjoy playing. (Leave blank if you do not play video games). - Ranks - Your Top 3 Genres, or video game categories, that you enjoy playing. - Arcade - Rank","Select your top 3 genres or video game categories that you enjoy playing. (Leave blank if you do not play video games). - Ranks - Your Top 3 Genres, or video game categories, that you enjoy playing. - City-building games - Rank","Select your top 3 genres or video game categories that you enjoy playing. (Leave blank if you do not play video games). - Ranks - Your Top 3 Genres, or video game categories, that you enjoy playing. - Economic simulation games - Rank","Select your top 3 genres or video game categories that you enjoy playing. (Leave blank if you do not play video games). - Ranks - Your Top 3 Genres, or video game categories, that you enjoy playing. - Educational - Rank","Select your top 3 genres or video game categories that you enjoy playing. (Leave blank if you do not play video games). - Ranks - Your Top 3 Genres, or video game categories, that you enjoy playing. - First-person shooter - Rank","Select your top 3 genres or video game categories that you enjoy playing. (Leave blank if you do not play video games). - Ranks - Your Top 3 Genres, or video game categories, that you enjoy playing. - Flight - Rank","Select your top 3 genres or video game categories that you enjoy playing. (Leave blank if you do not play video games). - Ranks - Your Top 3 Genres, or video game categories, that you enjoy playing. - God games - Rank","Select your top 3 genres or video game categories that you enjoy playing. (Leave blank if you do not play video games). - Ranks - Your Top 3 Genres, or video game categories, that you enjoy playing. - Mass. Multi. Online Games - Rank","Select your top 3 genres or video game categories that you enjoy playing. (Leave blank if you do not play video games). - Ranks - Your Top 3 Genres, or video game categories, that you enjoy playing. - Other (specify) - Rank","Select your top 3 genres or video game categories that you enjoy playing. (Leave blank if you do not play video games). - Ranks - Your Top 3 Genres, or video game categories, that you enjoy playing. - Maze - Rank","Select your top 3 genres or video game categories that you enjoy playing. (Leave blank if you do not play video games). - Ranks - Your Top 3 Genres, or video game categories, that you enjoy playing. - Military - Rank","Select your top 3 genres or video game categories that you enjoy playing. (Leave blank if you do not play video games). - Ranks - Your Top 3 Genres, or video game categories, that you enjoy playing. - Music - Rank","Select your top 3 genres or video game categories that you enjoy playing. (Leave blank if you do not play video games). - Ranks - Your Top 3 Genres, or video game categories, that you enjoy playing. - Pinball - Rank","Select your top 3 genres or video game categories that you enjoy playing. (Leave blank if you do not play video games). - Ranks - Your Top 3 Genres, or video game categories, that you enjoy playing. - Platform - Rank","Select your top 3 genres or video game categories that you enjoy playing. (Leave blank if you do not play video games). - Ranks - Your Top 3 Genres, or video game categories, that you enjoy playing. - Puzzle - Rank","Select your top 3 genres or video game categories that you enjoy playing. (Leave blank if you do not play video games). - Ranks - Your Top 3 Genres, or video game categories, that you enjoy playing. - Strategy - Rank","Select your top 3 genres or video game categories that you enjoy playing. (Leave blank if you do not play video games). - Ranks - Your Top 3 Genres, or video game categories, that you enjoy playing. - Racing - Rank","Select your top 3 genres or video game categories that you enjoy playing. (Leave blank if you do not play video games). - Ranks - Your Top 3 Genres, or video game categories, that you enjoy playing. - Real-time and turn-based tactical - Rank","Select your top 3 genres or video game categories that you enjoy playing. (Leave blank if you do not play video games). - Ranks - Your Top 3 Genres, or video game categories, that you enjoy playing. - Real-time and turn-based strategy - Rank","Select your top 3 genres or video game categories that you enjoy playing. (Leave blank if you do not play video games). - Ranks - Your Top 3 Genres, or video game categories, that you enjoy playing. - Role-playing - Rank","Select your top 3 genres or video game categories that you enjoy playing. (Leave blank if you do not play video games). - Ranks - Your Top 3 Genres, or video game categories, that you enjoy playing. - Simulators - Rank","Select your top 3 genres or video game categories that you enjoy playing. (Leave blank if you do not play video games). - Ranks - Your Top 3 Genres, or video game categories, that you enjoy playing. - Space - Rank","Select your top 3 genres or video game categories that you enjoy playing. (Leave blank if you do not play video games). - Ranks - Your Top 3 Genres, or video game categories, that you enjoy playing. - Sports - Rank","Select your top 3 genres or video game categories that you enjoy playing. (Leave blank if you do not play video games). - Ranks - Your Top 3 Genres, or video game categories, that you enjoy playing. - Stealth - Rank","Select your top 3 genres or video game categories that you enjoy playing. (Leave blank if you do not play video games). - Ranks - Your Top 3 Genres, or video game categories, that you enjoy playing. - Strategy war games - Rank","Select your top 3 genres or video game categories that you enjoy playing. (Leave blank if you do not play video games). - Ranks - Your Top 3 Genres, or video game categories, that you enjoy playing. - Survival/Horror - Rank","Select your top 3 genres or video game categories that you enjoy playing. (Leave blank if you do not play video games). - Ranks - Your Top 3 Genres, or video game categories, that you enjoy playing. - Vehicular combat - Rank"
"{""ImportId"":""startDate"",""timeZone"":""America/Denver""}","{""ImportId"":""endDate"",""timeZone"":""America/Denver""}","{""ImportId"":""status""}","{""ImportId"":""ipAddress""}","{""ImportId"":""progress""}","{""ImportId"":""duration""}","{""ImportId"":""finished""}","{""ImportId"":""recordedDate"",""timeZone"":""America/Denver""}","{""ImportId"":""_recordId""}","{""ImportId"":""recipientLastName""}","{""ImportId"":""recipientFirstName""}","{""ImportId"":""recipientEmail""}","{""ImportId"":""externalDataReference""}","{""ImportId"":""locationLatitude""}","{""ImportId"":""locationLongitude""}","{""ImportId"":""distributionChannel""}","{""ImportId"":""userLanguage""}","{""ImportId"":""QID77_TEXT""}","{""ImportId"":""QID78_TEXT""}","{""ImportId"":""QID179651201_BROWSER""}","{""ImportId"":""QID179651201_VERSION""}","{""ImportId"":""QID179651201_OS""}","{""ImportId"":""QID179651201_RESOLUTION""}","{""ImportId"":""QID179651202_TEXT""}","{""ImportId"":""QID179651203_TEXT""}","{""ImportId"":""QID179651204""}","{""ImportId"":""QID179651205""}","{""ImportId"":""QID179651207""}","{""ImportId"":""QID179651208""}","{""ImportId"":""QID179651208_6_TEXT""}","{""ImportId"":""QID179651209""}","{""ImportId"":""QID179651209_4_TEXT""}","{""ImportId"":""QID179651210""}","{""ImportId"":""QID179651210_8_TEXT""}","{""ImportId"":""QID22_1""}","{""ImportId"":""QID23_1""}","{""ImportId"":""QID24_1""}","{""ImportId"":""QID25_1""}","{""ImportId"":""QID26_1""}","{""ImportId"":""QID27_1""}","{""ImportId"":""QID28_1""}","{""ImportId"":""QID29_1""}","{""ImportId"":""QID30_1""}","{""ImportId"":""QID31_1""}","{""ImportId"":""QID32_1""}","{""ImportId"":""QID33_1""}","{""ImportId"":""QID34_1""}","{""ImportId"":""QID35_1""}","{""ImportId"":""QID36_1""}","{""ImportId"":""QID63""}","{""ImportId"":""QID63_3_TEXT""}","{""ImportId"":""QID64""}","{""ImportId"":""QID65""}","{""ImportId"":""QID66""}","{""ImportId"":""QID67""}","{""ImportId"":""QID68""}","{""ImportId"":""QID68_3_TEXT""}","{""ImportId"":""QID69""}","{""ImportId"":""QID69_3_TEXT""}","{""ImportId"":""QID70""}","{""ImportId"":""QID71""}","{""ImportId"":""QID72""}","{""ImportId"":""QID73""}","{""ImportId"":""QID74""}","{""ImportId"":""QID75""}","{""ImportId"":""QID76""}","{""ImportId"":""QID76_3_TEXT""}","{""ImportId"":""QID37""}","{""ImportId"":""QID38""}","{""ImportId"":""QID39""}","{""ImportId"":""QID40""}","{""ImportId"":""QID41_TEXT""}","{""ImportId"":""QID42""}","{""ImportId"":""QID43""}","{""ImportId"":""QID44""}","{""ImportId"":""QID45""}","{""ImportId"":""QID46""}","{""ImportId"":""QID47""}","{""ImportId"":""QID48""}","{""ImportId"":""QID49_1""}","{""ImportId"":""QID49_2""}","{""ImportId"":""QID49_3""}","{""ImportId"":""QID49_4""}","{""ImportId"":""QID50_0_GROUP""}","{""ImportId"":""QID50_G0_1_RANK""}","{""ImportId"":""QID50_G0_2_RANK""}","{""ImportId"":""QID50_G0_3_RANK""}","{""ImportId"":""QID50_G0_4_RANK""}","{""ImportId"":""QID50_G0_5_RANK""}","{""ImportId"":""QID50_G0_6_RANK""}","{""ImportId"":""QID50_G0_7_RANK""}","{""ImportId"":""QID50_G0_8_RANK""}","{""ImportId"":""QID50_G0_9_RANK""}","{""ImportId"":""QID50_G0_10_RANK""}","{""ImportId"":""QID50_G0_11_RANK""}","{""ImportId"":""QID50_G0_12_RANK""}","{""ImportId"":""QID50_G0_13_RANK""}","{""ImportId"":""QID50_G0_14_RANK""}","{""ImportId"":""QID50_G0_15_RANK""}","{""ImportId"":""QID50_G0_16_RANK""}","{""ImportId"":""QID50_G0_17_RANK""}","{""ImportId"":""QID50_G0_18_RANK""}","{""ImportId"":""QID50_G0_19_RANK""}","{""ImportId"":""QID50_G0_20_RANK""}","{""ImportId"":""QID50_G0_21_RANK""}","{""ImportId"":""QID50_G0_22_RANK""}","{""ImportId"":""QID50_G0_23_RANK""}","{""ImportId"":""QID50_G0_24_RANK""}","{""ImportId"":""QID50_G0_25_RANK""}","{""ImportId"":""QID50_G0_26_RANK""}","{""ImportId"":""QID50_G0_27_RANK""}","{""ImportId"":""QID50_G0_28_RANK""}","{""ImportId"":""QID50_G0_29_RANK""}"
6/29/2021 14:53,6/29/2021 14:58,Survey Preview,,100,319,TRUE,6/29/2021 14:59,R_1QMF6At0X0vqqhM,,,,,29.61380005,-82.38600159,preview,EN,,,Edge,91.0.864.59,Windows NT 10.0,1920x1080,,,,,,,,,,,,,,,,,,,,,,,,,,,,,,,,,,,,,,,,,,,,,,,,,,,,,,,,,,,,,,,,,,,,,,,,,,,,,,,,,,,,,,,,,,
6/30/2021 7:55,6/30/2021 8:07,IP Address,128.227.1.46,100,762,TRUE,6/30/2021 8:07,R_UxAdYXCmYlckw1P,,,,,29.61380005,-82.38600159,anonymous,EN,3,f597f974-bfd7-4313-adaf-eaa9edc4aa55,Edge,91.0.864.59,Windows NT 10.0,1536x864,23,16,english,right,female,woman,,heterosexual,,"black/afri-amer,white",,Disagree,Somewhat disagree,Agree,Strongly disagree,Strongly disagree,Strongly agree,Somewhat disagree,Strongly agree,Somewhat disagree,Strongly agree,Strongly agree,Disagree,Strongly agree,Strongly disagree,Strongly agree,Scene,,No,No,Very Often,Somewhat clearly,Landmarks,,Street-level,,Neet to look around,Somewhat,Directions,Often,Prefer the same route,Not easily,Scene at a time,,None at all,,,,,,,,,,,,,,,,,,,,,,,,,,,,,,,,,,,,,,,,,,,,,
7/22/2021 6:54,7/22/2021 7:10,IP Address,128.227.1.48,100,924,TRUE,7/22/2021 7:10,R_tKdOZyl8WJG9kc1,,,,,29.61380005,-82.38600159,anonymous,EN,4,,Edge,91.0.864.67,Windows NT 10.0,1280x720,25,14,english,right,female,woman,,heterosexual,,"black/afri-amer,hisp",,Somewhat disagree,Neutral,Somewhat disagree,Somewhat disagree,Strongly disagree,Somewhat disagree,Neutral,Somewhat agree,Somewhat disagree,Neutral,Somewhat disagree,Somewhat disagree,Disagree,Disagree,Neutral,Scene,,No,Somewhat,Somewhat Often,Hardly at all,Landmarks,,Street-level,,Know it,Rarely,Directions,Sometimes,Somewhat flexile,Not easily,Scene at a time,,None at all,,,,,,,,,,,,,,,,,,,,,,,,,,,,,,,,,,,,,,,,,,,,,
7/22/2021 8:58,7/22/2021 9:05,IP Address,128.227.1.49,100,460,TRUE,7/22/2021 9:05,R_1FfisCo8TYqN9KE,,,,,29.61380005,-82.38600159,anonymous,EN,5,,Edge,91.0.864.71,Windows NT 10.0,1536x864,27,20,english,right,female,woman,,heterosexual,,white,,Agree,Disagree,Somewhat disagree,Somewhat agree,Somewhat agree,Disagree,Agree,Disagree,Agree,Disagree,Neutral,Strongly disagree,Disagree,Somewhat agree,Somewhat disagree,Scene,,Yes,Yes,Very Rarely,Very clearly,Landmarks,,Street-level,,Know it,Yes,Directions,Often,Flexible,Somewhat easily,Maps,,A little,not very skilled,No,,1,5-Jan,few times a year,No,,Yes,few times a year,5-Jan,Frogger,Centipede,Animal Crossing,NA,"Puzzle,Arcade",,,2,,,,,,,,,,,,,,1,,,,,,,,,,,,
7/27/2021 8:35,7/27/2021 9:08,IP Address,128.227.1.49,100,1971,TRUE,7/27/2021 9:08,R_3fIgkQMPdhvCgli,,,,,29.61380005,-82.38600159,anonymous,EN,6,,Edge,91.0.864.71,Windows NT 10.0,1536x864,22,16,english,right,male,man,,heterosexual,,white,,Somewhat agree,Somewhat agree,Somewhat disagree,Neutral,Agree,Somewhat disagree,Strongly agree,Neutral,Somewhat agree,Somewhat disagree,Neutral,Somewhat disagree,Disagree,Disagree,Neutral,Map,,Yes,Yes,Very Rarely,Very clearly,Landmarks,,Bird's Eye View,,Know it,Rarely,Map,Sometimes,Prefer the same route,Somewhat easily,Maps,,A great deal,an expert,Yes,daily,18,20+,daily,Yes,"PlayStation,Wii,Wii U,Nintendo Switch,Nintendo DS/3DS,PC/Mac,Mobile",Yes,daily,20+,Red Dead Redemption 2,Mass Effect,Civilization V,Elder Scrolls V: Skyrim,"Action,Role-playing,Military",1,,,,,,,,,,,,3,,,,,,,,,2,,,,,,,
7/29/2021 12:47,7/29/2021 12:56,IP Address,128.227.1.48,100,505,TRUE,7/29/2021 12:56,R_26nJ65i1Zhs0S5M,,,,,29.61380005,-82.38600159,anonymous,EN,7,,Edge,92.0.902.55,Windows NT 10.0,1280x720,18,12,english,right,male,man,,heterosexual,,white,,Agree,Disagree,Agree,Strongly agree,Somewhat agree,Somewhat disagree,Neutral,Disagree,Somewhat agree,Disagree,Disagree,Strongly disagree,Neutral,Somewhat agree,Disagree,Map,,Yes,Yes,Very Rarely,Very clearly,Landmarks,,Street-level,,Some of each,Somewhat,Directions,Often,Somewhat flexile,Somewhat easily,Scene at a time,,A great deal,very good,Yes,weekly,14,16-20,weekly,Yes,"Wii,Nintendo Switch,Xbox",Yes,weekly,16-20,Super Smash Bros.,Animal Crossing,Donkey Kong Country,Final Fantasy,"Space,Adventure Fighting,Action",3,2,,,,,,,,,,,,,,,,,,,,,,1,,,,,
9/3/2021 9:07,9/3/2021 9:56,IP Address,128.227.206.219,100,2933,TRUE,9/3/2021 9:56,R_2SqsNWQEz3dMqut,,,,,29.68249512,-82.36060333,anonymous,EN,8,,Edge,92.0.902.78,Windows NT 10.0,1920x1080,25,18,not english,not right,female,woman,,heterosexual,,white,,Somewhat disagree,Somewhat disagree,Somewhat disagree,Neutral,Disagree,Somewhat agree,Somewhat agree,Somewhat disagree,Disagree,Somewhat agree,Somewhat agree,Somewhat disagree,Agree,Neutral,Somewhat agree,Scene,,No,Somewhat,Somewhat Often,Very clearly,Landmarks,,Street-level,,Some of each,Yes,No preference,Often,Prefer the same route,Somewhat easily,Scene at a time,,A little,not very skilled,No,,2,5-Jan,few times a year,No,,Yes,few times a year,5-Jan,The Sims 4,,,,"City-building games,Strategy,Puzzle,Survival/Horror",,,,1,,,,,,,,,,,,,3,2,,,,,,,,,,4,
9/3/2021 11:43,9/3/2021 11:55,IP Address,128.227.206.219,100,708,TRUE,9/3/2021 11:55,R_2CmqgpC4lZJtysB,,,,,29.68249512,-82.36060333,anonymous,EN,9,,Edge,92.0.902.78,Windows NT 10.0,1920x1080,23,16,english,right,male,man,,heterosexual,,"hisp,white",,Strongly agree,Disagree,Strongly agree,Strongly agree,Strongly agree,Disagree,Somewhat agree,Disagree,Strongly agree,Disagree,Disagree,Disagree,Disagree,Agree,Disagree,Other:,Both,Yes,Yes,Very Rarely,Very clearly,Other:,"Both,  map directions with visuals along the way.",Street-level,,Some of each,Yes,Map,Sometimes,Flexible,Very easily,Maps,,A moderate amount,moderately good,No,,5,5-Jan,few times a year,Yes,"PlayStation,Xbox,PC/Mac,Mobile",Yes,few times a year,5-Jan,Minecraft,COD,GTA,Rockband,"First-person shooter,City-building games,Racing",,,,2,,,1,,,,,,,,,,,,3,,,,,,,,,,
9/3/2021 13:14,9/3/2021 13:23,IP Address,128.227.206.219,100,524,TRUE,9/3/2021 13:23,R_Dvp8a7Eil4apZZv,,,,,29.68249512,-82.36060333,anonymous,EN,10,,Edge,92.0.902.78,Windows NT 10.0,1920x1080,26,17,not english,right,female,woman,,heterosexual,,"hisp,white",,Strongly agree,Somewhat agree,Neutral,Strongly agree,Somewhat disagree,Somewhat disagree,Agree,Disagree,Neutral,Strongly disagree,Strongly disagree,Strongly disagree,Strongly disagree,Strongly agree,Strongly disagree,Map,,Yes,Yes,Very Rarely,Somewhat clearly,Landmarks,,Bird's Eye View,,Know it,Yes,Map,Often,Flexible,Somewhat easily,Scene at a time,,A little,not very skilled,No,,0,5-Jan,never,No,,Yes,never,5-Jan,Grand Theft Auto,Mario cart,Not Applicable,Not Applicable,"Arcade,Educational,Puzzle",,,1,,,2,,,,,,,,,,,3,,,,,,,,,,,,
9/15/2021 9:40,9/15/2021 9:51,IP Address,128.227.206.219,100,638,TRUE,9/15/2021 9:51,R_2WTZPFyCrfbF0hb,,,,,29.68249512,-82.36060333,anonymous,EN,11,,Edge,92.0.902.78,Windows NT 10.0,1920x1080,25,15,english,right,male,man,,heterosexual,,asian,,Neutral,Somewhat disagree,Somewhat agree,Neutral,Disagree,Agree,Somewhat agree,Disagree,Agree,Somewhat agree,Neutral,Disagree,Somewhat disagree,Strongly disagree,Somewhat agree,Map,,No,Yes,Somewhat Often,Very clearly,Landmarks,,Bird's Eye View,,Know it,Rarely,Map,Often,Somewhat flexile,Somewhat easily,Maps,,A great deal,an expert,Yes,weekly,17,20+,daily,Yes,"PlayStation,PC/Mac,Mobile",Yes,daily,20+,Grand Theft Auto,Uncharted,Valkyria Chronicles,The Last of Us,"First-person shooter,Role-playing,Real-time and turn-based strategy",,,,,,,1,,,,,,,,,,,,,,3,2,,,,,,,
9/17/2021 10:59,9/17/2021 11:42,IP Address,128.227.206.219,100,2556,TRUE,9/17/2021 11:42,R_2ScpMiHs2ToUHPb,,,,,29.68249512,-82.36060333,anonymous,EN,12,,Edge,93.0.961.47,Windows NT 10.0,1920x1080,22,16,english,right,male,man,,homosexual,,white,,Somewhat agree,Strongly disagree,Somewhat agree,Agree,Somewhat agree,Neutral,Neutral,Somewhat agree,Agree,Somewhat agree,Neutral,Strongly disagree,Somewhat agree,Agree,Disagree,Other:,both,Yes,Yes,Very Rarely,Very clearly,Landmarks,,Street-level,,Know it,Yes,Map,Often,Prefer the same route,Somewhat easily,Other:,both,A great deal,very good,Yes,weekly,14,20+,weekly,Yes,"Nintendo Switch,Xbox,Nintendo DS/3DS,Game Boy/Game Boy Color/Game Boy Advance,PC/Mac,Mobile",Yes,weekly,20+,minecraft,halo,pokemon,destiny,"First-person shooter,Real-time and turn-based strategy,Other (specify)",,,,,,,1,,,,3,,,,,,,,,,2,,,,,,,,
9/22/2021 6:56,9/22/2021 7:08,IP Address,128.227.206.219,100,701,TRUE,9/22/2021 7:08,R_pNaIPIhNHTpn3ln,,,,,29.68249512,-82.36060333,anonymous,EN,13,,Edge,93.0.961.52,Windows NT 10.0,1920x1080,18,12,english,right,male,man,,heterosexual,,"black/afri-amer,hisp",,Somewhat disagree,Strongly agree,Agree,Agree,Somewhat agree,Neutral,Somewhat agree,Agree,Somewhat disagree,Agree,Neutral,Agree,Agree,Disagree,Neutral,Scene,,No,Somewhat,Very Rarely,Very clearly,Landmarks,,Street-level,,Neet to look around,Yes,Map,Often,Prefer the same route,Somewhat easily,Scene at a time,,A lot,moderately good,No,,8,10-Jun,daily,Yes,"Xbox,PC/Mac,Mobile",Yes,monthly,10-Jun,Minecraft,Nba 2k,GTA,Spiderman,"Sports,Adventure Fighting,Vehicular combat",,2,,,,,,,,,,,,,,,,,,,,,,,1,,,,3
9/23/2021 7:00,9/23/2021 7:19,IP Address,128.227.191.180,100,1128,TRUE,9/23/2021 7:19,R_UhK58xSKk68pKUN,,,,,29.646698,-82.32839966,anonymous,EN,14,,Edge,93.0.961.52,Windows NT 10.0,1920x1080,18,12,english,right,male,man,,bisexual,,"hisp,white",,Agree,Disagree,Agree,Strongly agree,Agree,Neutral,Agree,Somewhat disagree,Somewhat agree,Somewhat agree,Disagree,Agree,Somewhat disagree,Somewhat agree,Strongly agree,Other:,Both,Yes,Yes,Very Rarely,Very clearly,Other:,"Both,  map directions with visuals along the way.",Bird's Eye View,,Know it,Somewhat,Map,Often,Flexible,Somewhat easily,Maps,,A moderate amount,not very skilled,No,,10,5-Jan,monthly,Yes,"PC/Mac,Mobile",Yes,few times a year,5-Jan,Mario Kart,Among Us,Halo,Zelda,"Adventure Fighting,Puzzle,Role-playing",,1,,,,,,,,,,,,,,,2,,,,,3,,,,,,,
9/23/2021 9:53,9/23/2021 10:04,IP Address,128.227.191.180,100,689,TRUE,9/23/2021 10:04,R_21igS0DTyq4YGP0,,,,,29.646698,-82.32839966,anonymous,EN,15,,Edge,93.0.961.52,Windows NT 10.0,1920x1080,19,12,english,right,female,woman,,heterosexual,,white,,Agree,Neutral,Disagree,Agree,Disagree,Somewhat disagree,Somewhat agree,Disagree,Agree,Disagree,Somewhat disagree,Disagree,Disagree,Agree,Disagree,Map,,Yes,Yes,Very Rarely,Somewhat clearly,Landmarks,,Other:,both,Know it,Somewhat,Map,Often,Prefer the same route,Very easily,Maps,,None at all,,,,,,,,,,,,,,,,,,,,,,,,,,,,,,,,,,,,,,,,,,,,,
9/24/2021 6:46,9/24/2021 7:02,IP Address,128.227.114.30,100,947,TRUE,9/24/2021 7:02,R_Rhw0iCazB9iVsRP,,,,,29.61380005,-82.38600159,anonymous,EN,16,,Edge,93.0.961.52,Windows NT 10.0,1920x1080,18,12,not english,not right,male,man,,bisexual,,hisp,,Neutral,Somewhat disagree,Neutral,Neutral,Somewhat agree,Somewhat disagree,Somewhat agree,Disagree,Somewhat agree,Neutral,Somewhat disagree,Disagree,Disagree,Somewhat agree,Somewhat disagree,Map,,Yes,Yes,Very Rarely,Somewhat clearly,Map Directions,,Bird's Eye View,,Some of each,Somewhat,Map,Sometimes,Prefer the same route,Somewhat easily,Maps,,A moderate amount,not very skilled,No,,4,15-Oct,weekly,No,,Yes,few times a year,10-Jun,Fortnite,League of Legends,,,"Action,First-person shooter,Mass. Multi. Online Games",1,,,,,,2,,,3,,,,,,,,,,,,,,,,,,,
9/24/2021 12:38,9/24/2021 13:29,IP Address,128.227.114.30,100,3024,TRUE,9/24/2021 13:29,R_28ALc8RKRDjyVEL,,,,,29.61380005,-82.38600159,anonymous,EN,17,,Chrome,93.0.4577.82,Windows NT 10.0,1920x1080,18,12,english,right,female,woman,,heterosexual,,white,,Agree,Somewhat agree,Neutral,Neutral,Agree,Somewhat disagree,Somewhat agree,Disagree,Agree,Somewhat disagree,Somewhat disagree,Somewhat disagree,Somewhat disagree,Somewhat agree,Disagree,Map,,Yes,Yes,Very Rarely,Somewhat clearly,Map Directions,,Bird's Eye View,,Know it,Rarely,Map,Sometimes,Somewhat flexile,Very easily,Maps,,A little,no skill,No,,3,5-Jan,few times a year,No,,Yes,never,0,n/a,,,,,,,,,,,,,,,,,,,,,,,,,,,,,,,,,
9/29/2021 6:42,9/29/2021 7:25,IP Address,128.227.114.30,100,2571,TRUE,9/29/2021 7:25,R_1KuUbts03UwFT08,,,,,29.61380005,-82.38600159,anonymous,EN,18,,Chrome,94.0.4606.61,Windows NT 10.0,1920x1080,18,12,english,right,female,woman,,heterosexual,,asian,,Somewhat disagree,Agree,Somewhat disagree,Somewhat disagree,Strongly disagree,Agree,Strongly disagree,Somewhat agree,Disagree,Strongly agree,Neutral,Somewhat agree,Strongly agree,Somewhat disagree,Somewhat agree,Scene,,No,Somewhat,Somewhat Often,Very clearly,Landmarks,,Street-level,,Know it,Yes,Directions,Often,Somewhat flexile,Not easily,Scene at a time,,A moderate amount,moderately good,No,,6,5-Jan,few times a year,No,,Yes,never,15-Oct,MarioKart,Minecraft,Just Dance ,Animal Crossing ,"City-building games,Adventure Fighting,Strategy",,2,,1,,,,,,,,,,,,,,3,,,,,,,,,,,
9/29/2021 9:27,9/29/2021 10:03,IP Address,128.227.114.30,100,2141,TRUE,9/29/2021 10:03,R_8dcunYnH3IlQH9D,,,,,29.61380005,-82.38600159,anonymous,EN,19,,Chrome,94.0.4606.61,Windows NT 10.0,1920x1080,18,12,english,not right,female,woman,,heterosexual,,asian,,Somewhat disagree,Somewhat disagree,Somewhat disagree,Disagree,Somewhat disagree,Agree,Neutral,Somewhat disagree,Somewhat agree,Somewhat agree,Neutral,Strongly disagree,Somewhat agree,Agree,Somewhat disagree,Scene,,No,Yes,Somewhat Often,Very clearly,Landmarks,,Street-level,,Neet to look around,Somewhat,Map,Often,Prefer the same route,Not easily,Scene at a time,,A little,not very skilled,No,,1,5-Jan,weekly,Yes,"Nintendo Switch,Mobile",No,,,,,,,,,,,,,,,,,,,,,,,,,,,,,,,,,,,,
9/30/2021 12:57,9/30/2021 13:09,IP Address,128.227.114.30,100,729,TRUE,9/30/2021 13:09,R_2EsqPKxNeWcp8uf,,,,,29.61380005,-82.38600159,anonymous,EN,20,,Edge,94.0.992.31,Windows NT 10.0,1920x1080,18,12,english,right,female,woman,,do not wish to say,,hisp,,Disagree,Agree,Strongly disagree,Strongly disagree,Strongly disagree,Strongly agree,Somewhat disagree,Somewhat agree,Somewhat disagree,Strongly agree,Disagree,Agree,Agree,Strongly disagree,Agree,Scene,,No,Yes,Very Often,Hardly at all,Landmarks,,Street-level,,Some of each,Rarely,Map,Often,Prefer the same route,Not easily,Scene at a time,,None at all,,,,,,,,,,,,,,,,,,,,,,,,,,,,,,,,,,,,,,,,,,,,,
10/1/2021 7:55,10/1/2021 8:12,IP Address,128.227.114.30,100,1023,TRUE,10/1/2021 8:12,R_1FS6yb05pH73FLX,,,,,29.61380005,-82.38600159,anonymous,EN,21,,Edge,94.0.992.31,Windows NT 10.0,1920x1080,18,12,english,right,female,woman,,bisexual,,white,,Somewhat disagree,Strongly agree,Disagree,Strongly disagree,Strongly disagree,Agree,Disagree,Somewhat agree,Somewhat disagree,Strongly agree,Agree,Agree,Agree,Strongly disagree,Strongly agree,Map,,No,No,Very Often,Very clearly,Landmarks,,Bird's Eye View,,Neet to look around,Somewhat,Directions,Often,Prefer the same route,Not easily,Maps,,None at all,,,,,,,,,,,,,,,,,,,,,,,,,,,,,,,,,,,,,,,,,,,,,
10/4/2021 6:54,10/4/2021 7:32,IP Address,128.227.114.30,100,2298,TRUE,10/4/2021 7:32,R_1IXJChWGk8xGY6M,,,,,29.61380005,-82.38600159,anonymous,EN,22,,Chrome,94.0.4606.61,Windows NT 10.0,1920x1080,18,12,not english,right,male,man,,heterosexual,,white,,Somewhat disagree,Agree,Agree,Agree,Agree,Somewhat agree,Strongly agree,Somewhat disagree,Agree,Somewhat disagree,Neutral,Disagree,Somewhat disagree,Somewhat agree,Disagree,Map,,Yes,Yes,Very Rarely,Very clearly,Landmarks,,Bird's Eye View,,Some of each,Yes,Map,Often,Flexible,Somewhat easily,Maps,,A moderate amount,not very skilled,No,,1,5-Jan,monthly,No,,Yes,monthly,5-Jan,the witcher 3,fifa ,league of legends,online chess,"Role-playing,Strategy,Sports",,,,,,,,,,,,,,,,,,2,,,,1,,,3,,,,
10/6/2021 8:45,10/6/2021 9:08,IP Address,128.227.114.30,100,1382,TRUE,10/6/2021 9:08,R_1OW7gjXid5puMch,,,,,29.61380005,-82.38600159,anonymous,EN,23,,Chrome,94.0.4606.71,Windows NT 10.0,1920x1080,18,12,english,right,female,woman,,heterosexual,,white,,Somewhat disagree,Somewhat agree,Somewhat disagree,Neutral,Disagree,Somewhat agree,Somewhat disagree,Neutral,Disagree,Agree,Agree,Somewhat disagree,Strongly agree,Disagree,Somewhat disagree,Scene,,No,No,Somewhat Often,Very clearly,Landmarks,,Street-level,,Know it,Rarely,Map,Often,Prefer the same route,Not easily,Maps,,A little,not very skilled,No,,3,5-Jan,never,Yes,"Wii,PC/Mac,Mobile",Yes,never,5-Jan,mariocart,indiana jones,wii play,Not Applicable,"Racing,Sports,Action,Adventure Fighting,Strategy",3,4,,,,,,,,,,,,,,,,5,1,,,,,,2,,,,
10/7/2021 8:49,10/7/2021 9:08,IP Address,128.227.114.30,100,1145,TRUE,10/7/2021 9:08,R_1C9qSvReYt00z2S,,,,,29.61380005,-82.38600159,anonymous,EN,24,,Chrome,94.0.4606.71,Windows NT 10.0,1920x1080,18,12,english,right,female,woman,,heterosexual,,white,,Somewhat agree,Somewhat disagree,Somewhat agree,Somewhat disagree,Disagree,Agree,Disagree,Somewhat agree,Somewhat disagree,Agree,Somewhat disagree,Disagree,Somewhat agree,Neutral,Somewhat agree,Scene,,No,Somewhat,Somewhat Often,Very clearly,Landmarks,,Street-level,,Some of each,Somewhat,Directions,Often,Somewhat flexile,Not easily,Scene at a time,,A little,not very skilled,No,,8,5-Jan,monthly,Yes,Mobile,Yes,few times a year,5-Jan,,,,,"City-building games,Arcade,Racing",,,2,1,,,,,,,,,,,,,,,3,,,,,,,,,,
10/8/2021 12:50,10/8/2021 13:08,IP Address,128.227.114.30,100,1074,TRUE,10/8/2021 13:08,R_1EZ4ObPeYAcr5QD,,,,,29.61380005,-82.38600159,anonymous,EN,25,,Chrome,94.0.4606.81,Windows NT 10.0,1920x1080,18,12,english,right,female,woman,,heterosexual,,asian,,Somewhat disagree,Somewhat agree,Disagree,Strongly disagree,Strongly disagree,Strongly agree,Strongly disagree,Strongly agree,Disagree,Strongly agree,Agree,Agree,Strongly agree,Strongly disagree,Strongly agree,Scene,,No,No,Very Often,Hardly at all,Landmarks,,Street-level,,Some of each,Somewhat,Directions,Often,Prefer the same route,Not easily,Scene at a time,,A great deal,moderately good,Yes,daily,around 8 years roughly,16-20,daily,Yes,"PC/Mac,Mobile",Yes,daily,16-20,World of Warcraft,League of Legends,Heroes of the Storm,Darkest Dungeon,"Mass. Multi. Online Games,Role-playing,Real-time and turn-based strategy",,,,,,,,,,1,,,,,,,,,,,3,2,,,,,,,
10/13/2021 7:14,10/13/2021 7:39,IP Address,128.227.114.30,100,1481,TRUE,10/13/2021 7:39,R_25NO61cIzH6CNrI,,,,,29.61380005,-82.38600159,anonymous,EN,26,,Chrome,94.0.4606.81,Windows NT 10.0,1920x1080,18,12,english,right,male,man,,heterosexual,,white,,Agree,Disagree,Somewhat agree,Strongly disagree,Strongly disagree,Neutral,Somewhat disagree,Disagree,Somewhat agree,Agree,Strongly agree,Strongly agree,Agree,Somewhat disagree,Disagree,Scene,,Yes,Somewhat,Somewhat Often,Very clearly,Landmarks,,Street-level,,Know it,Somewhat,Map,Often,Flexible,Somewhat easily,Scene at a time,,A little,not very skilled,No,,4,15-Oct,monthly,Yes,"Nintendo Switch,Xbox",Yes,never,10-Jun,Doom,Mortal Kombat,Destiny,N/A,"Adventure Fighting,Mass. Multi. Online Games,First-person shooter",,1,,,,,3,,,2,,,,,,,,,,,,,,,,,,,
10/15/2021 8:47,10/15/2021 9:07,IP Address,128.227.114.30,100,1222,TRUE,10/15/2021 9:07,R_AERjErYzWWaUASJ,,,,,29.65029907,-82.34860229,anonymous,EN,27,,Chrome,94.0.4606.81,Windows NT 10.0,1920x1080,18,12,english,right,female,woman,,heterosexual,,"hisp,white",,Strongly agree,Neutral,Somewhat agree,Agree,Somewhat disagree,Somewhat disagree,Neutral,Somewhat disagree,Agree,Disagree,Neutral,Disagree,Somewhat agree,Agree,Somewhat disagree,Scene,,Yes,Yes,Somewhat Often,Very clearly,Landmarks,,Street-level,,Neet to look around,Yes,Map,Often,Flexible,Very easily,Scene at a time,,A little,not very skilled,No,,0,5-Jan,few times a year,No,,Yes,never,5-Jan,Not Applicable,Not Applicable,Not Applicable,Not Applicable,,,,,,,,,,,,,,,,,,,,,,,,,,,,,,
10/15/2021 10:46,10/15/2021 11:00,IP Address,128.227.114.30,100,841,TRUE,10/15/2021 11:00,R_6zmRXxBYMNdoU2B,,,,,29.65029907,-82.34860229,anonymous,EN,28,,Chrome,94.0.4606.81,Windows NT 10.0,1920x1080,18,12,english,right,male,man,,heterosexual,,white,,Agree,Disagree,Somewhat agree,Somewhat agree,Neutral,Neutral,Agree,Disagree,Agree,Somewhat disagree,Disagree,Disagree,Disagree,Neutral,Somewhat disagree,Map,,Yes,Yes,Very Rarely,Somewhat clearly,Map Directions,,Bird's Eye View,,Know it,Somewhat,Map,Sometimes,Somewhat flexile,Very easily,Maps,,A moderate amount,moderately good,No,,6,10-Jun,few times a year,No,,Yes,few times a year,15-Oct,Not Applicable,,,,,,,,,,,,,,,,,,,,,,,,,,,,,,,,,
10/18/2021 10:46,10/18/2021 11:07,IP Address,128.227.114.30,100,1293,TRUE,10/18/2021 11:07,R_4J7YKzXSKeuMrbX,,,,,29.65029907,-82.34860229,anonymous,EN,29,,Chrome,94.0.4606.81,Windows NT 10.0,1920x1080,18,12,english,right,female,woman,,heterosexual,,white,,Somewhat agree,Somewhat agree,Somewhat agree,Somewhat disagree,Strongly disagree,Agree,Somewhat disagree,Somewhat disagree,Disagree,Somewhat agree,Neutral,Disagree,Agree,Somewhat disagree,Somewhat disagree,Map,,Yes,Somewhat,Very Rarely,Somewhat clearly,Landmarks,,Street-level,,Know it,Somewhat,Directions,Often,Prefer the same route,Somewhat easily,Maps,,A little,not very skilled,No,,2,10-Jun,monthly,No,,Yes,few times a year,10-Jun,Minecraft,Fortnite,Call of duty,not applicable,"Action,City-building games,First-person shooter",1,,,2,,,3,,,,,,,,,,,,,,,,,,,,,,
10/20/2021 6:52,10/20/2021 7:08,IP Address,128.227.114.30,100,957,TRUE,10/20/2021 7:08,R_27EjPbGvE6R3Ojz,,,,,29.65029907,-82.34860229,anonymous,EN,30,,Chrome,94.0.4606.81,Windows NT 10.0,1920x1080,18,12,english,not right,female,woman,,heterosexual,,white,,Agree,Somewhat agree,Neutral,Neutral,Disagree,Agree,Disagree,Neutral,Somewhat disagree,Somewhat agree,Somewhat agree,Somewhat disagree,Strongly agree,Somewhat disagree,Somewhat agree,Map,,No,Somewhat,Somewhat Often,Very clearly,Map Directions,,Street-level,,Some of each,Rarely,Directions,Sometimes,Flexible,Very easily,Scene at a time,,A little,not very skilled,No,,0,5-Jan,weekly,Yes,"Xbox,PC/Mac,Mobile",Yes,few times a year,5-Jan,beach buggy race,whale trail,slitherio,knight squad,"Sports,Arcade,Mass. Multi. Online Games",,,2,,,,,,,3,,,,,,,,,,,,,,,1,,,,
10/20/2021 8:39,10/20/2021 9:02,IP Address,128.227.114.30,100,1405,TRUE,10/20/2021 9:02,R_3FLOCErvgaPvXn3,,,,,29.65029907,-82.34860229,anonymous,EN,31,,Chrome,94.0.4606.81,Windows NT 10.0,1920x1080,18,12,english,right,female,woman,,heterosexual,,white,,Neutral,Disagree,Neutral,Somewhat agree,Strongly disagree,Agree,Disagree,Neutral,Neutral,Neutral,Agree,Strongly disagree,Strongly agree,Agree,Disagree,Other:,Both,No,Somewhat,Very Rarely,Very clearly,Landmarks,,Other:,Both,Know it,Rarely,Map,Often,Flexible,Not easily,Other:,Both,None at all,,,,,,,,,,,,,,,,,,,,,,,,,,,,,,,,,,,,,,,,,,,,,
10/22/2021 8:47,10/22/2021 9:01,IP Address,128.227.114.30,100,821,TRUE,10/22/2021 9:01,R_1d6M0FNtFuIdb4G,,,,,29.65029907,-82.34860229,anonymous,EN,32,,Chrome,94.0.4606.81,Windows NT 10.0,1920x1080,18,12,not english,right,female,woman,,heterosexual,,"hisp,white",,Agree,Somewhat agree,Somewhat disagree,Agree,Disagree,Somewhat disagree,Agree,Somewhat disagree,Somewhat agree,Disagree,Somewhat disagree,Strongly disagree,Somewhat disagree,Somewhat agree,Disagree,Scene,,Yes,Somewhat,Somewhat Often,Somewhat clearly,Landmarks,,Street-level,,Know it,Somewhat,No preference,Often,Somewhat flexile,Somewhat easily,Maps,,None at all,,,,,,,,,,,,,,,,,,,,,,,,,,,,,,,,,,,,,,,,,,,,,
10/22/2021 9:50,10/22/2021 10:32,IP Address,128.227.114.30,100,2530,TRUE,10/22/2021 10:32,R_2abEcrObvLL1D2S,,,,,29.65029907,-82.34860229,anonymous,EN,33,,Chrome,94.0.4606.81,Windows NT 10.0,1920x1080,18,12,english,right,female,woman,,heterosexual,,black/afri-amer,,Disagree,Somewhat disagree,Somewhat disagree,Disagree,Strongly disagree,Agree,Disagree,Somewhat agree,Neutral,Agree,Agree,Disagree,Strongly agree,Disagree,Somewhat agree,Scene,,No,Somewhat,Somewhat Often,Very clearly,Landmarks,,Bird's Eye View,,Know it,Somewhat,Directions,Often,Somewhat flexile,Somewhat easily,Maps,,A little,not very skilled,No,,2,10-Jun,few times a year,Yes,"PC/Mac,Mobile",Yes,never,0,N/A,N/A,N/A,N/A,,,,,,,,,,,,,,,,,,,,,,,,,,,,,,
10/22/2021 11:49,10/22/2021 12:16,IP Address,128.227.114.30,100,1627,TRUE,10/22/2021 12:16,R_1DRRw1PP3eKkzlb,,,,,29.65029907,-82.34860229,anonymous,EN,34,,Chrome,94.0.4606.81,Windows NT 10.0,1920x1080,18,12,english,right,female,woman,,heterosexual,,white,,Strongly agree,Somewhat disagree,Somewhat agree,Agree,Somewhat disagree,Somewhat disagree,Somewhat agree,Disagree,Somewhat agree,Somewhat agree,Somewhat agree,Disagree,Somewhat disagree,Agree,Disagree,Scene,,Yes,Yes,Somewhat Often,Very clearly,Landmarks,,Street-level,,Neet to look around,Somewhat,Map,Sometimes,Flexible,Very easily,Maps,,A little,moderately good,No,,1,5-Jan,few times a year,No,,Yes,never,5-Jan,Call of Duty,Not Applicable,Not Applicable,Not Applicable,,,,,,,,,,,,,,,,,,,,,,,,,,,,,,
10/28/2021 8:11,10/28/2021 8:40,IP Address,128.227.114.30,100,1738,TRUE,10/28/2021 8:40,R_2uVyxGiRS4V3ea2,,,,,29.65029907,-82.34860229,anonymous,EN,35,,Chrome,95.0.4638.54,Windows NT 10.0,1920x1080,18,12,english,not right,female,woman,,heterosexual,,white,,Somewhat agree,Agree,Somewhat agree,Somewhat disagree,Strongly disagree,Agree,Somewhat agree,Disagree,Agree,Strongly disagree,Disagree,Strongly disagree,Neutral,Disagree,Neutral,Scene,,Yes,Somewhat,Very Rarely,Somewhat clearly,Landmarks,,Street-level,,Know it,Somewhat,Directions,Often,Flexible,Very easily,Maps,,A little,not very skilled,No,,5,5-Jan,few times a year,Yes,"Wii,PC/Mac,Mobile",Yes,never,5-Jan,Not Appliccable,,,,"Arcade,Puzzle",,,1,,,,,,,,,,,,,,2,,,,,,,,,,,,
10/29/2021 7:06,10/29/2021 7:37,IP Address,128.227.114.30,100,1852,TRUE,10/29/2021 7:37,R_2cjBks3XozIuaDs,,,,,29.65029907,-82.34860229,anonymous,EN,36,,Chrome,95.0.4638.54,Windows NT 10.0,1920x1080,19,12,english,right,male,man,,heterosexual,,white,,Agree,Disagree,Agree,Agree,Disagree,Disagree,Strongly agree,Disagree,Strongly agree,Disagree,Disagree,Disagree,Disagree,Agree,Disagree,Map,,Yes,Yes,Very Rarely,Very clearly,Map Directions,,Bird's Eye View,,Know it,Yes,Directions,Sometimes,Flexible,Somewhat easily,Maps,,A lot,very good,No,,15,16-20,weekly,Yes,"Xbox,PC/Mac",Yes,weekly,16-20,call of duty,grand theft auto,apex legends,nhl19,"Strategy war games,Sports,Adventure Fighting",,3,,,,,,,,,,,,,,,,,,,,,,,2,,1,,
10/29/2021 8:45,10/29/2021 9:05,IP Address,128.227.114.30,100,1206,TRUE,10/29/2021 9:05,R_2y2UvGsZ9LvGpS1,,,,,29.65029907,-82.34860229,anonymous,EN,37,,Chrome,95.0.4638.54,Windows NT 10.0,1920x1080,18,12,english,right,female,woman,,heterosexual,,asian,,Disagree,Agree,Neutral,Disagree,Disagree,Agree,Disagree,Somewhat agree,Disagree,Agree,Agree,Disagree,Somewhat agree,Disagree,Agree,Scene,,No,Somewhat,Somewhat Often,Very clearly,Landmarks,,Street-level,,Some of each,Somewhat,Map,Often,Somewhat flexile,Not easily,Scene at a time,,A moderate amount,not very skilled,No,,4,5-Jan,few times a year,Yes,"PC/Mac,Mobile",Yes,few times a year,5-Jan,Minecraft ,Sims ,Not applicable, Not applicable,"City-building games,Arcade,Simulators",,,2,1,,,,,,,,,,,,,,,,,,,3,,,,,,
11/3/2021 7:26,11/3/2021 7:44,IP Address,128.227.114.30,100,1073,TRUE,11/3/2021 7:44,R_3en4bIQvJjUsf6V,,,,,29.65029907,-82.34860229,anonymous,EN,38,,Chrome,95.0.4638.54,Windows NT 10.0,1920x1080,19,12,english,right,male,man,,heterosexual,,"black/afri-amer,hisp",,Somewhat agree,Strongly agree,Agree,Somewhat disagree,Disagree,Somewhat agree,Somewhat agree,Somewhat disagree,Somewhat disagree,Agree,Neutral,Disagree,Agree,Disagree,Neutral,Scene,,No,Somewhat,Very Rarely,Very clearly,Other:,GPS on phone,Street-level,,Some of each,Yes,No preference,Often,Somewhat flexile,Not easily,Other:,GPS on phone,A great deal,an expert,Yes,daily,14,15-Oct,daily,Yes,"PlayStation,Nintendo Switch,Xbox,Game Boy/Game Boy Color/Game Boy Advance,PC/Mac",Yes,daily,15-Oct,APEX Legends,Persona,Ghost of Tsushima,Breath of the Wild,"First-person shooter,Role-playing,Action",3,,,,,,1,,,,,,,,,,,,,,,2,,,,,,,
11/3/2021 8:23,11/3/2021 9:08,IP Address,128.227.114.30,100,2703,TRUE,11/3/2021 9:08,R_p3hvwRxXngQW92x,,,,,29.65029907,-82.34860229,anonymous,EN,39,,Chrome,95.0.4638.54,Windows NT 10.0,1920x1080,18,12,english,not right,female,woman,,heterosexual,,asian,,Somewhat agree,Agree,Neutral,Somewhat agree,Disagree,Agree,Neutral,Somewhat agree,Somewhat agree,Somewhat agree,Somewhat disagree,Disagree,Agree,Disagree,Agree,Scene,,No,Somewhat,Somewhat Often,Somewhat clearly,Landmarks,,Street-level,,Some of each,Somewhat,Map,Often,Prefer the same route,Not easily,Maps,,A moderate amount,moderately good,No,,6,10-Jun,few times a year,Yes,Mobile,Yes,few times a year,10-Jun,Minecraft,,,,,,,,,,,,,,,,,,,,,,,,,,,,,,,,,
11/4/2021 8:15,11/4/2021 8:50,IP Address,128.227.196.72,100,2071,TRUE,11/4/2021 8:50,R_1f8C0nkXcMmGdNC,,,,,29.68400574,-82.35710144,anonymous,EN,40,,Chrome,95.0.4638.69,Windows NT 10.0,1920x1080,18,12,english,right,female,woman,,heterosexual,,"hisp,white",,Somewhat agree,Disagree,Agree,Somewhat agree,Disagree,Somewhat agree,Disagree,Somewhat disagree,Neutral,Somewhat agree,Neutral,Disagree,Agree,Disagree,Disagree,Scene,,Yes,Somewhat,Somewhat Often,Very clearly,Landmarks,,Street-level,,Some of each,Somewhat,No preference,Often,Somewhat flexile,Somewhat easily,Other:,Both,A moderate amount,moderately good,Yes,few times a year,12,10-Jun,few times a year,Yes,"Wii,Nintendo DS/3DS,PC/Mac,Mobile",Yes,few times a year,10-Jun,Kirby,Mariokart,Pokemon,Minecraft,"Strategy,Adventure Fighting,Racing",,2,,,,,,,,,,,,,,,,1,3,,,,,,,,,,
11/4/2021 9:45,11/4/2021 9:52,IP Address,128.227.196.72,100,392,TRUE,11/4/2021 9:52,R_3R3O0DsFNxCfcQc,,,,,29.68400574,-82.35710144,anonymous,EN,41,,Chrome,95.0.4638.69,Windows NT 10.0,1920x1080,18,12,english,right,female,woman,,heterosexual,,white,,Somewhat agree,Somewhat disagree,Agree,Agree,Agree,Disagree,Neutral,Disagree,Somewhat agree,Disagree,Disagree,Disagree,Neutral,Somewhat agree,Disagree,Scene,,Yes,Yes,Very Rarely,Very clearly,Landmarks,,Street-level,,Some of each,Yes,Map,Often,Flexible,Somewhat easily,Scene at a time,,A little,not very skilled,No,,1,5-Jan,monthly,No,,Yes,few times a year,5-Jan,Minecraft,Portal 2,Indiana Jones Lego Game,,"City-building games,Strategy,Adventure Fighting",,3,,1,,,,,,,,,,,,,,2,,,,,,,,,,,
11/4/2021 12:37,11/4/2021 12:58,IP Address,128.227.196.72,100,1241,TRUE,11/4/2021 12:58,R_2q9IyZPZ2RMnn31,,,,,29.68400574,-82.35710144,anonymous,EN,42,,Chrome,95.0.4638.69,Windows NT 10.0,1920x1080,18,12,english,right,female,woman,,heterosexual,,white,,Agree,Somewhat disagree,Disagree,Somewhat disagree,Strongly disagree,Somewhat disagree,Disagree,Disagree,Agree,Agree,Neutral,Somewhat agree,Agree,Disagree,Somewhat disagree,Scene,,Yes,Somewhat,Somewhat Often,Very clearly,Landmarks,,Street-level,,Some of each,Rarely,Directions,Often,Prefer the same route,Not easily,Scene at a time,,A little,not very skilled,No,,3,5-Jan,never,No,,No,,,,,,,,,,,,,,,,,,,,,,,,,,,,,,,,,,,,
11/5/2021 7:15,11/5/2021 7:48,IP Address,128.227.196.72,100,2021,TRUE,11/5/2021 7:48,R_1IarJGZGHJq3OlF,,,,,29.68400574,-82.35710144,anonymous,EN,43,,Chrome,95.0.4638.69,Windows NT 10.0,1920x1080,20,12,english,right,male,man,,heterosexual,,white,,Somewhat agree,Somewhat disagree,Somewhat disagree,Somewhat disagree,Strongly disagree,Agree,Disagree,Somewhat disagree,Neutral,Somewhat agree,Somewhat agree,Somewhat disagree,Somewhat agree,Agree,Somewhat disagree,Scene,,No,Yes,Somewhat Often,Very clearly,Landmarks,,Bird's Eye View,,Know it,Yes,Map,Often,Flexible,Somewhat easily,Scene at a time,,A lot,moderately good,Yes,weekly,8,16-20,daily,Yes,"PlayStation,Mobile",Yes,few times a year,16-20,Call of Duty,Madden,Minecraft,Dragon Ball Z,"Action,God games,Adventure Fighting",1,3,,,,,,,2,,,,,,,,,,,,,,,,,,,,
11/5/2021 8:55,11/5/2021 9:19,IP Address,128.227.196.72,100,1437,TRUE,11/5/2021 9:19,R_1OCQvzuXbPjHiPH,,,,,29.68400574,-82.35710144,anonymous,EN,44,,Chrome,95.0.4638.69,Windows NT 10.0,1920x1080,22,16,english,right,male,man,,homosexual,,white,,Somewhat disagree,Somewhat disagree,Somewhat disagree,Somewhat disagree,Strongly disagree,Somewhat agree,Disagree,Somewhat agree,Somewhat agree,Agree,Somewhat agree,Neutral,Agree,Disagree,Somewhat agree,Scene,,No,Somewhat,Somewhat Often,Somewhat clearly,Landmarks,,Street-level,,Some of each,Somewhat,Map,Often,Somewhat flexile,Somewhat easily,Scene at a time,,A moderate amount,not very skilled,No,,7,20+,monthly,Yes,"Nintendo Switch,PC/Mac,Mobile",Yes,never,20+,Smash Bros,Mario Kart,Pokemon,Toontown (Childhood),"Strategy,Racing,Arcade",,,3,,,,,,,,,,,,,,,1,2,,,,,,,,,,
11/5/2021 10:06,11/5/2021 10:37,IP Address,128.227.196.72,100,1889,TRUE,11/5/2021 10:37,R_UMSD7hrWSU5fzeF,,,,,29.68400574,-82.35710144,anonymous,EN,45,,Chrome,95.0.4638.69,Windows NT 10.0,1920x1080,18,12,not english,right,female,woman,,heterosexual,,hisp,,Agree,Somewhat disagree,Agree,Somewhat disagree,Strongly disagree,Strongly agree,Strongly disagree,Somewhat disagree,Strongly disagree,Agree,Neutral,Strongly disagree,Neutral,Disagree,Somewhat agree,Scene,,No,No,Somewhat Often,Somewhat clearly,Landmarks,,Street-level,,Neet to look around,Somewhat,Map,Often,Prefer the same route,Not easily,Maps,,A little,moderately good,No,,0,0,few times a year,No,,Yes,few times a year,0,NA,NA,NA,NA,,,,,,,,,,,,,,,,,,,,,,,,,,,,,,
11/10/2021 7:27,11/10/2021 9:08,IP Address,128.227.196.72,100,6026,TRUE,11/10/2021 9:08,R_ah14Z9DJVbz6VWx,,,,,29.68400574,-82.35710144,anonymous,EN,46,,Chrome,95.0.4638.69,Windows NT 10.0,1920x1080,18,12,english,right,male,man,,heterosexual,,asian,,Somewhat agree,Somewhat agree,Somewhat agree,Somewhat agree,Somewhat disagree,Agree,Neutral,Somewhat disagree,Neutral,Somewhat agree,Neutral,Disagree,Somewhat disagree,Somewhat agree,Somewhat disagree,Map,,Yes,Somewhat,Very Rarely,Very clearly,Landmarks,,Street-level,,Some of each,Somewhat,Map,Sometimes,Somewhat flexile,Somewhat easily,Scene at a time,,A moderate amount,not very skilled,No,,3,5-Jan,few times a year,Yes,"PlayStation,Wii U,Xbox,Nintendo DS/3DS,Game Boy/Game Boy Color/Game Boy Advance,Mobile",Yes,few times a year,5-Jan,GTA 5,Red Dead Redemption,Minecraft,COD,"Flight,City-building games,Survival/Horror",,,,2,,,,1,,,,,,,,,,,,,,,,,,,,3,
11/10/2021 10:05,11/10/2021 14:47,IP Address,128.227.196.72,100,16893,TRUE,11/10/2021 14:47,R_RE3GItjmccY8aOJ,,,,,29.68400574,-82.35710144,anonymous,EN,47,,Chrome,95.0.4638.69,Windows NT 10.0,1920x1080,19,12,english,right,female,woman,,bisexual,,hisp,,Somewhat agree,Somewhat disagree,Agree,Somewhat disagree,Strongly disagree,Strongly agree,Disagree,Neutral,Somewhat agree,Strongly agree,Strongly agree,Strongly disagree,Strongly agree,Somewhat disagree,Disagree,Map,,No,Somewhat,Very Rarely,Very clearly,Landmarks,,Street-level,,Some of each,Somewhat,Map,Often,Prefer the same route,Not easily,Maps,,A little,moderately good,No,,6,10-Jun,few times a year,No,,Yes,never,5-Jan,Mario Kart,The sims,,,"Role-playing,Strategy,City-building games",,,,3,,,,,,,,,,,,,,2,,,,1,,,,,,,
11/12/2021 6:57,11/12/2021 7:38,IP Address,128.227.196.72,100,2428,TRUE,11/12/2021 7:38,R_3qHIHpr0l6cFtXK,,,,,29.68400574,-82.35710144,anonymous,EN,48,,Chrome,95.0.4638.69,Windows NT 10.0,1920x1080,18,12,english,right,male,man,,heterosexual,,white,,Strongly agree,Somewhat disagree,Agree,Agree,Disagree,Somewhat disagree,Disagree,Strongly disagree,Agree,Strongly disagree,Disagree,Disagree,Neutral,Somewhat agree,Strongly disagree,Scene,,Yes,Yes,Very Rarely,Somewhat clearly,Landmarks,,Street-level,,Know it,Yes,Directions,Often,Flexible,Somewhat easily,Scene at a time,,A moderate amount,moderately good,Yes,monthly,9,5-Jan,weekly,Yes,Mobile,Yes,few times a year,5-Jan,Fortnite,Madden,NBA Jam,Black Ops 3,"Sports,Strategy,Puzzle",,,,,,,,,,,,,,,,,3,2,,,,,,,1,,,,
11/12/2021 11:07,11/12/2021 11:20,IP Address,128.227.196.72,100,780,TRUE,11/12/2021 11:20,R_O6T0woVCAWyTzIl,,,,,29.68400574,-82.35710144,anonymous,EN,49,,Chrome,95.0.4638.69,Windows NT 10.0,1920x1080,18,12,english,right,male,man,,heterosexual,,white,,Strongly agree,Disagree,Disagree,Agree,Neutral,Somewhat disagree,Somewhat agree,Disagree,Somewhat agree,Neutral,Disagree,Somewhat disagree,Somewhat disagree,Disagree,Somewhat disagree,Scene,,Yes,Somewhat,Very Rarely,Very clearly,Landmarks,,Street-level,,Know it,Somewhat,Map,Sometimes,Flexible,Somewhat easily,Scene at a time,,A lot,moderately good,No,,10,5-Jan,weekly,No,,Yes,monthly,5-Jan,Madden,,,,Space,,,,,,,,,,,,,,,,,,,,,,,,1,,,,,
11/15/2021 10:24,11/15/2021 10:54,IP Address,128.227.196.72,100,1816,TRUE,11/15/2021 10:54,R_322wJlaccsoj7dG,,,,,29.68400574,-82.35710144,anonymous,EN,50,,Chrome,96.0.4664.45,Windows NT 10.0,1920x1080,18,12,english,right,male,man,,heterosexual,,white,,Agree,Somewhat disagree,Agree,Somewhat agree,Disagree,Disagree,Disagree,Disagree,Somewhat agree,Somewhat agree,Neutral,Strongly disagree,Disagree,Disagree,Neutral,Scene,,Yes,Yes,Very Rarely,Very clearly,Landmarks,,Bird's Eye View,,Some of each,Yes,Map,Often,Flexible,Somewhat easily,Maps,,A moderate amount,moderately good,No,,5,20+,monthly,Yes,"Xbox,PC/Mac,Mobile",Yes,few times a year,20+,Fortnite,GTA,NHL,Madden,"Sports,Action,Strategy",2,,,,,,,,,,,,,,,,,3,,,,,,,1,,,,
11/15/2021 11:54,11/15/2021 12:08,IP Address,128.227.196.72,100,856,TRUE,11/15/2021 12:08,R_3snnskTnQLAqPNX,,,,,29.68400574,-82.35710144,anonymous,EN,51,,Chrome,96.0.4664.45,Windows NT 10.0,1920x1080,18,12,english,right,male,man,,heterosexual,,white,,Strongly agree,Disagree,Agree,Strongly agree,Somewhat agree,Strongly disagree,Strongly agree,Disagree,Agree,Disagree,Strongly disagree,Disagree,Disagree,Strongly agree,Disagree,Scene,,Yes,Yes,Very Rarely,Somewhat clearly,Landmarks,,Street-level,,Know it,Yes,No preference,Often,Flexible,Very easily,Scene at a time,,A lot,moderately good,Yes,weekly,7,20+,weekly,Yes,"Xbox,PC/Mac,Mobile",Yes,monthly,20+,Fifa,Forza Horizon,Call of Duty,Grand Theft Auto,"First-person shooter,Sports,Racing",,,,,,,1,,,,,,,,,,,,3,,,,,,2,,,,
11/15/2021 12:52,11/15/2021 13:40,IP Address,128.227.196.72,100,2855,TRUE,11/15/2021 13:40,R_11cMmcFQseHtYqR,,,,,29.68400574,-82.35710144,anonymous,EN,52,,Chrome,96.0.4664.45,Windows NT 10.0,1920x1080,19,12,english,right,female,woman,,bisexual,,white,,Somewhat agree,Somewhat disagree,Agree,Agree,Disagree,Somewhat disagree,Somewhat agree,Somewhat disagree,Agree,Disagree,Somewhat disagree,Somewhat disagree,Disagree,Agree,Disagree,Map,,Yes,Yes,Very Rarely,Somewhat clearly,Landmarks,,Bird's Eye View,,Know it,Yes,Directions,Often,Flexible,Somewhat easily,Maps,,A moderate amount,moderately good,No,,2,5-Jan,monthly,No,,Yes,monthly,5-Jan,Minecraft,GTA,Super Mario Cart,NBA,"Racing,Sports,City-building games",,,,3,,,,,,,,,,,,,,,1,,,,,,2,,,,
11/16/2021 11:26,11/16/2021 11:44,IP Address,128.227.196.72,100,1103,TRUE,11/16/2021 11:44,R_2azqwAK5S4NxoVu,,,,,29.68400574,-82.35710144,anonymous,EN,53,,Chrome,96.0.4664.45,Windows NT 10.0,1920x1080,18,12,not english,right,male,man,,heterosexual,,hisp,,Disagree,Somewhat agree,Neutral,Strongly disagree,Strongly disagree,Strongly agree,Disagree,Somewhat agree,Somewhat disagree,Strongly agree,Strongly agree,Somewhat disagree,Strongly agree,Strongly disagree,Agree,Scene,,No,Somewhat,Very Often,Somewhat clearly,Landmarks,,Bird's Eye View,,Know it,Rarely,Map,Often,Somewhat flexile,Not easily,Scene at a time,,A great deal,moderately good,Yes,daily,10,20+,daily,Yes,"PlayStation,Wii U,Nintendo Switch,Nintendo DS/3DS,Game Boy/Game Boy Color/Game Boy Advance,PC/Mac,Mobile",Yes,few times a year,16-20,Infamous 2,Uncharted 3,Super Mario Galaxy 2,Legend of Zelda: Breath of the Wild,"Adventure Fighting,Action,Survival/Horror",2,1,,,,,,,,,,,,,,,,,,,,,,,,,,3,
11/17/2021 6:49,11/17/2021 6:57,IP Address,128.227.196.72,100,513,TRUE,11/17/2021 6:57,R_3dDQuuTWyt7icgc,,,,,29.68400574,-82.35710144,anonymous,EN,54,,Chrome,96.0.4664.45,Windows NT 10.0,1920x1080,18,12,english,right,female,woman,,heterosexual,,asian,,Somewhat agree,Somewhat disagree,Somewhat agree,Neutral,Disagree,Somewhat agree,Somewhat disagree,Somewhat disagree,Neutral,Somewhat agree,Neutral,Disagree,Somewhat agree,Somewhat disagree,Somewhat disagree,Scene,,Yes,Somewhat,Somewhat Often,Somewhat clearly,Landmarks,,Street-level,,Know it,Somewhat,Directions,Sometimes,Somewhat flexile,Not easily,Scene at a time,,A little,not very skilled,No,,0,0,never,No,,Yes,never,0,not applicable,not applicable ,not applicable,not applicable,"Sports,Racing,Puzzle",,,,,,,,,,,,,,,,,3,,2,,,,,,1,,,,
11/17/2021 7:46,11/17/2021 8:26,IP Address,128.227.196.72,100,2392,TRUE,11/17/2021 8:26,R_2w6o2zt8YY57qKr,,,,,29.68400574,-82.35710144,anonymous,EN,55,,Chrome,96.0.4664.45,Windows NT 10.0,1920x1080,18,12,english,right,female,woman,,homosexual,,"asian,hisp",,Agree,Somewhat disagree,Neutral,Agree,Strongly disagree,Strongly agree,Strongly agree,Disagree,Strongly agree,Strongly disagree,Strongly disagree,Disagree,Disagree,Somewhat disagree,Disagree,Scene,,Yes,Somewhat,Somewhat Often,Very clearly,Landmarks,,Street-level,,Some of each,Somewhat,Directions,Often,Flexible,Very easily,Maps,,A moderate amount,not very skilled,No,,4,5-Jan,monthly,Yes,"PlayStation,Wii,PC/Mac,Mobile",Yes,monthly,5-Jan,MInecraft,Not Applicable,Not Applicable,Not Applicable,"City-building games,Real-time and turn-based strategy,Adventure Fighting",,3,,1,,,,,,,,,,,,,,,,,2,,,,,,,,
11/18/2021 7:55,11/18/2021 8:19,IP Address,128.227.196.72,100,1444,TRUE,11/18/2021 8:19,R_25yZJIWDGfyz3Gp,,,,,29.68400574,-82.35710144,anonymous,EN,56,,Chrome,96.0.4664.45,Windows NT 10.0,1920x1080,19,12,english,right,male,man,,heterosexual,,white,,Somewhat agree,Disagree,Agree,Agree,Somewhat disagree,Somewhat agree,Agree,Disagree,Agree,Neutral,Neutral,Disagree,Somewhat agree,Agree,Disagree,Scene,,Yes,Yes,Very Rarely,Very clearly,Landmarks,,Street-level,,Know it,Yes,Map,Often,Flexible,Somewhat easily,Maps,,A lot,very good,Yes,weekly,5,5-Jan,weekly,Yes,"PlayStation,Wii,Mobile",Yes,monthly,5-Jan,call of duty,battlefront,minecraft,fifa,"Sports,First-person shooter,Adventure Fighting",,3,,,,,2,,,,,,,,,,,,,,,,,,1,,,,
11/18/2021 9:11,11/18/2021 9:35,IP Address,128.227.196.72,100,1469,TRUE,11/18/2021 9:35,R_1IGimWQdvvBp3dc,,,,,29.68400574,-82.35710144,anonymous,EN,57,,Chrome,96.0.4664.45,Windows NT 10.0,1920x1080,18,12,english,right,male,man,,heterosexual,,white,,Agree,Somewhat agree,Agree,Agree,Disagree,Somewhat disagree,Agree,Somewhat disagree,Somewhat agree,Somewhat disagree,Disagree,Agree,Disagree,Agree,Disagree,Scene,,Yes,Yes,Very Rarely,Somewhat clearly,Landmarks,,Street-level,,Some of each,Somewhat,Map,Often,Somewhat flexile,Somewhat easily,Maps,,A lot,moderately good,Yes,weekly,6,15-Oct,weekly,Yes,Xbox,Yes,weekly,15-Oct,Forza,GTA,NBA 2k,Madden,"Racing,Sports,First-person shooter",,,,,,,3,,,,,,,,,,,,1,,,,,,2,,,,
11/29/2021 12:08,11/29/2021 12:15,IP Address,128.227.196.72,100,381,TRUE,11/29/2021 12:15,R_3lueCpkf0Bft3Jz,,,,,29.68400574,-82.35710144,anonymous,EN,58,,Chrome,96.0.4664.45,Windows NT 10.0,1920x1080,18,12,english,right,male,man,,bisexual,,white,,Somewhat agree,Disagree,Agree,Agree,Strongly agree,Somewhat disagree,Neutral,Disagree,Somewhat agree,Neutral,Somewhat disagree,Strongly disagree,Somewhat agree,Somewhat agree,Disagree,Map,,Yes,Yes,Very Rarely,Very clearly,Landmarks,,Street-level,,Know it,Somewhat,Directions,Often,Prefer the same route,Somewhat easily,Maps,,A moderate amount,moderately good,Yes,weekly,6,10-Jun,weekly,Yes,"Xbox,Mobile",Yes,few times a year,5-Jan,fifa,madden,call of duty,,"Sports,First-person shooter,Action",3,,,,,,2,,,,,,,,,,,,,,,,,,1,,,,
11/29/2021 13:02,11/29/2021 13:43,IP Address,128.227.196.72,100,2454,TRUE,11/29/2021 13:43,R_3fZ5ZFbmEhiEAbA,,,,,29.68400574,-82.35710144,anonymous,EN,59,,Chrome,96.0.4664.45,Windows NT 10.0,1920x1080,18,12,not english,right,female,woman,,heterosexual,,hisp,,Somewhat disagree,Strongly agree,Somewhat disagree,Somewhat disagree,Disagree,Agree,Somewhat agree,Somewhat disagree,Neutral,Somewhat agree,Agree,Strongly disagree,Agree,Disagree,Somewhat disagree,Scene,,Yes,Yes,Somewhat Often,Somewhat clearly,Landmarks,,Street-level,,Know it,Somewhat,Directions,Often,Flexible,Very easily,Scene at a time,,A great deal,moderately good,No,,,16-20,weekly,Yes,"Wii,Wii U,Xbox,PC/Mac",Yes,few times a year,16-20,Call of Duty,Apex Legends,Sims,Forza Horizon,"First-person shooter,Racing,Adventure Fighting",,3,,,,,1,,,,,,,,,,,,2,,,,,,,,,,
11/30/2021 11:34,11/30/2021 11:59,IP Address,128.227.196.72,100,1519,TRUE,11/30/2021 11:59,R_1r3bgH10CFUp6ti,,,,,29.68400574,-82.35710144,anonymous,EN,60,,Chrome,96.0.4664.45,Windows NT 10.0,1920x1080,18,12,english,right,male,man,,heterosexual,,"hisp,white",,Somewhat agree,Somewhat disagree,Somewhat disagree,Agree,Somewhat agree,Somewhat agree,Disagree,Disagree,Neutral,Somewhat disagree,Neutral,Disagree,Somewhat disagree,Somewhat agree,Somewhat disagree,Map,,Yes,Somewhat,Somewhat Often,Somewhat clearly,Landmarks,,Street-level,,Some of each,Somewhat,Directions,Often,Prefer the same route,Not easily,Scene at a time,,A moderate amount,moderately good,Yes,weekly,5,15-Oct,weekly,Yes,"PlayStation,Nintendo DS/3DS",Yes,monthly,15-Oct,Rocket league,apex legends,call of duty,madden,"First-person shooter,Action,Sports",2,,,,,,1,,,,,,,,,,,,,,,,,,3,,,,
11/30/2021 12:52,11/30/2021 14:03,IP Address,128.227.196.72,100,4229,TRUE,11/30/2021 14:03,R_2PdMcFEELsmoNvy,,,,,29.68400574,-82.35710144,anonymous,EN,61,,Chrome,96.0.4664.45,Windows NT 10.0,1920x1080,18,12,english,right,male,man,,heterosexual,,white,,Disagree,Neutral,Somewhat agree,Disagree,Strongly disagree,Agree,Neutral,Somewhat agree,Somewhat disagree,Somewhat disagree,Strongly agree,Neutral,Neutral,Neutral,Neutral,Map,,No,No,Very Often,Somewhat clearly,Map Directions,,Street-level,,Some of each,Somewhat,Directions,Often,Somewhat flexile,Somewhat easily,Scene at a time,,A great deal,very good,Yes,weekly,6,5-Jan,daily,Yes,"PlayStation,Xbox,PC/Mac",No,,,,,,,,,,,,,,,,,,,,,,,,,,,,,,,,,,,,
12/1/2021 6:43,12/1/2021 7:03,IP Address,128.227.196.72,100,1210,TRUE,12/1/2021 7:03,R_2tGwthglD5KPrWG,,,,,29.68400574,-82.35710144,anonymous,EN,62,,Chrome,96.0.4664.45,Windows NT 10.0,1920x1080,20,14,english,right,male,man,,heterosexual,,"hisp,white",,Somewhat agree,Somewhat disagree,Somewhat agree,Somewhat agree,Somewhat agree,Neutral,Neutral,Neutral,Somewhat agree,Somewhat agree,Neutral,Disagree,Somewhat disagree,Neutral,Disagree,Map,,Yes,Yes,Very Rarely,Very clearly,Landmarks,,Bird's Eye View,,Know it,Somewhat,Map,Sometimes,Flexible,Somewhat easily,Scene at a time,,A moderate amount,not very skilled,No,,3,10-Jun,few times a year,No,,Yes,never,10-Jun,War Thunder,,,,"Military,Real-time and turn-based tactical,Vehicular combat",,,,,,,,,,,,,1,,,,,,,2,,,,,,,,,3
12/1/2021 7:51,12/1/2021 8:27,IP Address,128.227.196.72,100,2123,TRUE,12/1/2021 8:27,R_1mXfhGg7j0kwjxz,,,,,29.68400574,-82.35710144,anonymous,EN,63,,Chrome,96.0.4664.45,Windows NT 10.0,1920x1080,18,12,english,right,female,woman,,heterosexual,,white,,Agree,Somewhat agree,Somewhat disagree,Agree,Disagree,Somewhat agree,Disagree,Neutral,Somewhat agree,Somewhat disagree,Agree,Disagree,Somewhat agree,Somewhat agree,Disagree,Scene,,Yes,Somewhat,Very Rarely,Somewhat clearly,Landmarks,,Street-level,,Some of each,Somewhat,Directions,Often,Somewhat flexile,Very easily,Scene at a time,,A little,not very skilled,No,,0,0,few times a year,Yes,PlayStation,Yes,few times a year,0,not applicable,not applicable,not applicable,not applicable,,,,,,,,,,,,,,,,,,,,,,,,,,,,,,
12/1/2021 10:17,12/1/2021 13:12,IP Address,128.227.196.72,100,10457,TRUE,12/1/2021 13:12,R_enx0eSOo4eteh6p,,,,,29.68400574,-82.35710144,anonymous,EN,64,,Chrome,96.0.4664.45,Windows NT 10.0,1920x1080,18,12,english,right,female,woman,,bisexual,,white,,Somewhat agree,Somewhat disagree,Somewhat disagree,Somewhat disagree,Somewhat agree,Agree,Agree,Somewhat agree,Somewhat disagree,Strongly agree,Somewhat agree,Somewhat disagree,Agree,Disagree,Somewhat agree,Scene,,No,Somewhat,Somewhat Often,Very clearly,Landmarks,,Street-level,,Some of each,Somewhat,Map,Often,Prefer the same route,Somewhat easily,Scene at a time,,A lot,very good,Yes,weekly,8,16-20,daily,Yes,"PlayStation,Wii,Xbox,Nintendo DS/3DS,PC/Mac,Mobile",Yes,monthly,16-20,Rainbow 6 Siege,GTA,Minecraft,Skate 3,"First-person shooter,Survival/Horror,Mass. Multi. Online Games",,,,,,,1,,,3,,,,,,,,,,,,,,,,,,2,
12/2/2021 7:54,12/2/2021 8:10,IP Address,128.227.196.72,100,924,TRUE,12/2/2021 8:10,R_8uZWUX42Ik6abjr,,,,,29.68400574,-82.35710144,anonymous,EN,65,,Chrome,96.0.4664.45,Windows NT 10.0,1920x1080,19,13,english,right,female,woman,,heterosexual,,"hisp,white",,Agree,Somewhat disagree,Somewhat agree,Disagree,Disagree,Agree,Strongly disagree,Agree,Disagree,Somewhat disagree,Agree,Strongly disagree,Strongly agree,Agree,Disagree,Scene,,No,No,Somewhat Often,Very clearly,Landmarks,,Street-level,,Neet to look around,Yes,Directions,Often,Flexible,Somewhat easily,Scene at a time,,A little,no skill,No,,0,0,few times a year,No,,Yes,few times a year,0,Not Applicable,Not Applicable,Not Applicable,Not Applicable,,,,,,,,,,,,,,,,,,,,,,,,,,,,,,
12/2/2021 9:03,12/2/2021 12:51,IP Address,128.227.196.72,100,13666,TRUE,12/2/2021 12:51,R_1mDG2NRv9uilObA,,,,,29.68400574,-82.35710144,anonymous,EN,66,,Chrome,96.0.4664.45,Windows NT 10.0,1920x1080,19,12,english,right,male,man,,heterosexual,,"hisp,white",,Agree,Disagree,Agree,Agree,Somewhat agree,Somewhat agree,Agree,Disagree,Strongly agree,Neutral,Neutral,Disagree,Somewhat disagree,Somewhat agree,Neutral,Scene,,Yes,Yes,Somewhat Often,Very clearly,Landmarks,,Street-level,,Know it,Yes,Map,Often,Somewhat flexile,Somewhat easily,Maps,,A lot,very good,Yes,weekly,6,10-Jun,weekly,Yes,PlayStation,Yes,monthly,10-Jun,FIFA ,Formula 1,Call of Duty,GTA V,"Sports,Action,Racing",2,,,,,,,,,,,,,,,,,,3,,,,,,1,,,,
12/3/2021 6:37,12/3/2021 7:06,IP Address,128.227.196.72,100,1723,TRUE,12/3/2021 7:06,R_7PbjY6cIiUTf2wN,,,,,29.68400574,-82.35710144,anonymous,EN,67,,Chrome,96.0.4664.45,Windows NT 10.0,1920x1080,18,12,english,not right,male,man,,heterosexual,,white,,Somewhat agree,Agree,Somewhat agree,Somewhat disagree,Somewhat agree,Agree,Neutral,Somewhat agree,Neutral,Somewhat disagree,Somewhat disagree,Somewhat disagree,Agree,Somewhat disagree,Somewhat disagree,Scene,,No,Somewhat,Somewhat Often,Somewhat clearly,Map Directions,,Street-level,,Some of each,Yes,Map,Often,Flexible,Somewhat easily,Scene at a time,,A great deal,moderately good,Yes,daily,10,15-Oct,daily,Yes,"Wii,Nintendo Switch,Nintendo DS/3DS,PC/Mac,Mobile",Yes,weekly,5-Jan,Super Smash Bros Ultimate,Minecraft,Pokemon,Gang Beasts,"Role-playing,Strategy,Adventure Fighting",,3,,,,,,,,,,,,,,,,2,,,,1,,,,,,,
12/3/2021 8:05,12/3/2021 8:35,IP Address,128.227.196.72,100,1822,TRUE,12/3/2021 8:35,R_1qgq9oIttu3a0QX,,,,,29.68400574,-82.35710144,anonymous,EN,68,,Chrome,96.0.4664.45,Windows NT 10.0,1920x1080,19,12,not english,right,female,woman,,heterosexual,,hisp,,Strongly disagree,Somewhat agree,Neutral,Disagree,Strongly disagree,Strongly agree,Neutral,Strongly agree,Somewhat disagree,Strongly agree,Neutral,Neutral,Strongly agree,Somewhat disagree,Strongly agree,Other:,Both,No,Somewhat,Somewhat Often,Very clearly,Landmarks,,Street-level,,Some of each,Somewhat,Map,Often,Somewhat flexile,Not easily,Scene at a time,,None at all,,,,,,,,,,,,,,,,,,,,,,,,,,,,,,,,,,,,,,,,,,,,,
12/3/2021 9:35,12/3/2021 11:52,IP Address,128.227.196.72,100,8212,TRUE,12/3/2021 11:52,R_UsXgRcdY1zoUGOd,,,,,29.68400574,-82.35710144,anonymous,EN,69,,Chrome,96.0.4664.45,Windows NT 10.0,1920x1080,18,12,english,right,female,woman,,heterosexual,,"asian,pacific-islander",,Somewhat disagree,Somewhat disagree,Disagree,Strongly disagree,Strongly disagree,Strongly agree,Strongly disagree,Agree,Disagree,Strongly agree,Agree,Disagree,Agree,Strongly disagree,Strongly agree,Scene,,No,No,Very Often,Somewhat clearly,Landmarks,,Street-level,,Neet to look around,Rarely,Directions,Often,Somewhat flexile,Not easily,Scene at a time,,A little,not very skilled,No,,0,0,never,No,,No,,,,,,,,,,,,,,,,,,,,,,,,,,,,,,,,,,,,
12/3/2021 12:39,12/3/2021 13:14,IP Address,128.227.196.72,100,2076,TRUE,12/3/2021 13:14,R_3fZuG3uxyYS7pwF,,,,,29.68400574,-82.35710144,anonymous,EN,70,,Chrome,96.0.4664.45,Windows NT 10.0,1920x1080,18,12,english,right,female,woman,,bisexual,,white,,Strongly disagree,Strongly agree,Somewhat disagree,Strongly disagree,Strongly disagree,Strongly agree,Somewhat agree,Somewhat agree,Somewhat disagree,Strongly agree,Disagree,Somewhat agree,Strongly agree,Strongly disagree,Agree,Scene,,No,No,Very Often,Somewhat clearly,Landmarks,,Street-level,,Neet to look around,Rarely,Directions,Sometimes,Prefer the same route,Not easily,Scene at a time,,A little,not very skilled,No,,1,5-Jan,few times a year,Yes,"PC/Mac,Mobile",Yes,never,5-Jan,n/a,,,,,,,,,,,,,,,,,,,,,,,,,,,,,,,,,
12/6/2021 9:54,12/6/2021 10:17,IP Address,128.227.196.72,100,1405,TRUE,12/6/2021 10:17,R_3noQJJsdlLqIcmn,,,,,29.68400574,-82.35710144,anonymous,EN,71,,Chrome,96.0.4664.45,Windows NT 10.0,1920x1080,19,13,english,right,male,man,,heterosexual,,white,,Somewhat agree,Disagree,Somewhat agree,Agree,Somewhat disagree,Somewhat agree,Somewhat disagree,Disagree,Agree,Somewhat disagree,Somewhat disagree,Disagree,Disagree,Somewhat agree,Disagree,Map,,Yes,Yes,Very Rarely,Somewhat clearly,Map Directions,,Bird's Eye View,,Know it,Somewhat,Map,Sometimes,Somewhat flexile,Somewhat easily,Maps,,A lot,moderately good,Yes,weekly,5,20+,monthly,Yes,"Wii,Nintendo Switch,Xbox,Nintendo DS/3DS,PC/Mac,Mobile",Yes,few times a year,10-Jun,Valheim,Destiny 2,CS:GO,GTA 5,"First-person shooter,Sports,Adventure Fighting",,3,,,,,1,,,,,,,,,,,,,,,,,,2,,,,
12/6/2021 11:13,12/6/2021 11:47,IP Address,128.227.196.72,100,2030,TRUE,12/6/2021 11:47,R_3JxtZtZC54DKq27,,,,,29.68400574,-82.35710144,anonymous,EN,72,,Chrome,96.0.4664.45,Windows NT 10.0,1920x1080,18,12,english,not right,female,woman,,heterosexual,,white,,Somewhat agree,Disagree,Somewhat agree,Neutral,Disagree,Disagree,Somewhat agree,Neutral,Somewhat agree,Agree,Agree,Disagree,Agree,Agree,Disagree,Scene,,No,Somewhat,Very Rarely,Very clearly,Landmarks,,Street-level,,Know it,Yes,Directions,Often,Somewhat flexile,Somewhat easily,Scene at a time,,None at all,,,,,,,,,,,,,,,,,,,,,,,,,,,,,,,,,,,,,,,,,,,,,
12/6/2021 12:44,12/6/2021 13:57,IP Address,128.227.196.72,100,4347,TRUE,12/6/2021 13:57,R_2aJriecfDvM09uc,,,,,29.68400574,-82.35710144,anonymous,EN,73,,Chrome,96.0.4664.45,Windows NT 10.0,1920x1080,18,12,english,right,female,woman,,heterosexual,,white,,Neutral,Agree,Somewhat agree,Agree,Agree,Somewhat disagree,Somewhat agree,Somewhat disagree,Somewhat agree,Somewhat disagree,Neutral,Disagree,Somewhat disagree,Somewhat agree,Somewhat disagree,Map,,Yes,Somewhat,Somewhat Often,Somewhat clearly,Landmarks,,Bird's Eye View,,Know it,Somewhat,Map,Sometimes,Somewhat flexile,Somewhat easily,Maps,,None at all,,,,,,,,,,,,,,,,,,,,,,,,,,,,,,,,,,,,,,,,,,,,,
2/16/2022 9:40,2/16/2022 10:06,IP Address,128.227.206.50,100,1568,TRUE,2/16/2022 10:06,R_1CyH5Sdapm02wb8,,,,,29.68249512,-82.36060333,anonymous,EN,74,,Chrome,97.0.4692.99,Windows NT 10.0,1920x1080,20,13,english,right,female,woman,,bisexual,,white,,Agree,Disagree,Somewhat agree,Agree,Disagree,Somewhat agree,Somewhat disagree,Disagree,Agree,Strongly disagree,Somewhat disagree,Strongly disagree,Strongly disagree,Strongly agree,Disagree,Scene,,Yes,Yes,Very Rarely,Very clearly,Landmarks,,Street-level,,Some of each,Yes,Map,Often,Flexible,Somewhat easily,Maps,,A little,not very skilled,No,,5,5-Jan,few times a year,No,,Yes,few times a year,5-Jan,GTA,Minecraft,Sims,Fortnight,"Strategy,City-building games,Music",,,,2,,,,,,,,,,3,,,,1,,,,,,,,,,,
2/18/2022 10:26,2/18/2022 10:33,IP Address,128.227.206.50,100,463,TRUE,2/18/2022 10:33,R_1FzSB0mKYTC9kSf,,,,,29.68249512,-82.36060333,anonymous,EN,75,,Chrome,98.0.4758.102,Windows NT 10.0,1920x1080,25,18,not english,not right,female,woman,,heterosexual,,white,,Neutral,Neutral,Somewhat disagree,Somewhat disagree,Somewhat disagree,Somewhat agree,Somewhat disagree,Neutral,Neutral,Neutral,Somewhat agree,Somewhat disagree,Strongly agree,Somewhat disagree,Neutral,Map,,No,No,Somewhat Often,Somewhat clearly,Landmarks,,Street-level,,Some of each,Yes,Directions,Rarely,Prefer the same route,Not easily,Scene at a time,,None at all,,,,,,,,,,,,,,,,,,,,,,,,,,,,,,,,,,,,,,,,,,,,,
2/18/2022 11:29,2/18/2022 11:43,IP Address,128.227.206.50,100,874,TRUE,2/18/2022 11:43,R_2WAOfAcH0fKcW7y,,,,,29.68249512,-82.36060333,anonymous,EN,76,,Chrome,98.0.4758.102,Windows NT 10.0,1920x1080,24,16,english,right,male,man,,heterosexual,,"hisp,white",,Strongly agree,Disagree,Strongly agree,Strongly agree,Agree,Strongly disagree,Neutral,Disagree,Agree,Disagree,Neutral,Strongly disagree,Somewhat disagree,Agree,Disagree,Other:,Both,Yes,Yes,Very Rarely,Very clearly,Other:,Both,Street-level,,Some of each,Yes,Map,Sometimes,Flexible,Somewhat easily,Other:,Both,A little,moderately good,No,,2,5-Jan,few times a year,No,,Yes,few times a year,5-Jan,Not Applicable,,,,"Puzzle,First-person shooter,City-building games",,,,3,,,2,,,,,,,,,,1,,,,,,,,,,,,
2/21/2022 8:14,2/21/2022 8:25,IP Address,128.227.206.50,100,662,TRUE,2/21/2022 8:25,R_1Qc2hsruvESAzhG,,,,,29.68249512,-82.36060333,anonymous,EN,77,,Chrome,98.0.4758.102,Windows NT 10.0,1920x1080,22,16,english,right,male,man,,homosexual,,white,,Somewhat agree,Strongly disagree,Neutral,Agree,Disagree,Neutral,Somewhat agree,Neutral,Somewhat agree,Somewhat disagree,Neutral,Strongly disagree,Neutral,Agree,Disagree,Map,,Yes,Yes,Very Rarely,Very clearly,Other:,Both,Street-level,,Some of each,Yes,Map,Often,Somewhat flexile,Very easily,Other:,Both,A great deal,an expert,Yes,weekly,16,20+,weekly,Yes,"Nintendo Switch,Xbox,Nintendo DS/3DS,Game Boy/Game Boy Color/Game Boy Advance,PC/Mac,Mobile",Yes,weekly,20+,minecraft,pokemon,halo,destiny,"Real-time and turn-based strategy,First-person shooter,Other (specify)",,,,,,,2,,,,3,,,,,,,,,,1,,,,,,,,
3/15/2022 11:44,3/15/2022 11:57,IP Address,128.227.188.116,100,775,TRUE,3/15/2022 11:57,R_3p2TNKep5zGPk6A,,,,,29.68249512,-82.36060333,anonymous,EN,2001,,Chrome,99.0.4844.51,Windows NT 10.0,1920x1080,19,13,english,right,male,man,,heterosexual,,white,,Somewhat agree,Disagree,Somewhat agree,Somewhat agree,Disagree,Somewhat agree,Disagree,Disagree,Disagree,Somewhat disagree,Disagree,Strongly disagree,Disagree,Somewhat agree,Somewhat disagree,Scene,,No,No,Somewhat Often,Very clearly,Landmarks,,Street-level,,Know it,Somewhat,Directions,Often,Somewhat flexile,Somewhat easily,Scene at a time,,A great deal,an expert,Yes,daily,12,16-20,daily,Yes,"PlayStation,Nintendo Switch,PC/Mac",Yes,monthly,5-Jan,Overwatch,CSGO,Subnautica,Apex Legends,"Strategy,First-person shooter,Mass. Multi. Online Games",,,,,,,2,,,3,,,,,,,,1,,,,,,,,,,,
3/15/2022 13:16,3/15/2022 13:35,IP Address,128.227.188.116,100,1118,TRUE,3/15/2022 13:35,R_PwhCK35yBfPI80x,,,,,29.68249512,-82.36060333,anonymous,EN,2002,,Chrome,99.0.4844.51,Windows NT 10.0,1920x1080,19,14,english,right,female,woman,,heterosexual,,white,,Somewhat disagree,Somewhat disagree,Agree,Somewhat agree,Neutral,Somewhat agree,Agree,Disagree,Somewhat agree,Somewhat disagree,Somewhat agree,Disagree,Strongly agree,Neutral,Somewhat disagree,Scene,,No,Yes,Somewhat Often,Very clearly,Landmarks,,Street-level,,Know it,Somewhat,Map,Often,Somewhat flexile,Not easily,Maps,,A little,not very skilled,No,,1,5-Jan,few times a year,No,,No,,,,,,,,,,,,,,,,,,,,,,,,,,,,,,,,,,,,
3/16/2022 8:04,3/16/2022 8:38,IP Address,128.227.188.116,100,1998,TRUE,3/16/2022 8:38,R_sI2c2TpQ07S7gc1,,,,,29.68249512,-82.36060333,anonymous,EN,2003,,Chrome,99.0.4844.51,Windows NT 10.0,1920x1080,18,13,not english,right,female,woman,,heterosexual,,hisp,,Agree,Somewhat disagree,Disagree,Agree,Disagree,Somewhat disagree,Somewhat disagree,Somewhat disagree,Agree,Disagree,Disagree,Agree,Disagree,Somewhat agree,Somewhat disagree,Scene,,Yes,Yes,Very Rarely,Very clearly,Landmarks,,Street-level,,Know it,Somewhat,Map,Sometimes,Flexible,Somewhat easily,Maps,,A moderate amount,very good,Yes,monthly,5,5-Jan,weekly,Yes,Nintendo Switch,Yes,monthly,5-Jan,Animal Crossing ,Mario Cart ,Fortnite,Wii sports,"Racing,First-person shooter,Sports",,,,,,,2,,,,,,,,,,,,1,,,,,,3,,,,
3/16/2022 9:35,3/16/2022 10:10,IP Address,128.227.188.116,100,2094,TRUE,3/16/2022 10:10,R_2uPvY2n81mwtqvg,,,,,29.68249512,-82.36060333,anonymous,EN,2004,,Chrome,99.0.4844.51,Windows NT 10.0,1920x1080,20,14,english,right,male,man,,heterosexual,,white,,Somewhat agree,Somewhat agree,Somewhat agree,Somewhat agree,Disagree,Neutral,Disagree,Somewhat agree,Disagree,Somewhat agree,Neutral,Somewhat disagree,Neutral,Somewhat agree,Neutral,Scene,,Yes,Somewhat,Somewhat Often,Somewhat clearly,Landmarks,,Street-level,,Neet to look around,Yes,Directions,Often,Somewhat flexile,Somewhat easily,Maps,,A little,not very skilled,No,,2,5-Jan,few times a year,No,,Yes,never,5-Jan,Fifa ,Madden,GTA,N/A,"Sports,Racing,First-person shooter",,,,,,,3,,,,,,,,,,,,2,,,,,,1,,,,
3/16/2022 11:08,3/16/2022 11:46,IP Address,128.227.188.116,100,2316,TRUE,3/16/2022 11:46,R_3Eg3qbkJsIns1Pn,,,,,29.68249512,-82.36060333,anonymous,EN,2005,,Chrome,99.0.4844.51,Windows NT 10.0,1920x1080,18,12,english,right,female,woman,,do not wish to say,,asian,,Agree,Disagree,Neutral,Agree,Somewhat disagree,Disagree,Strongly agree,Disagree,Agree,Somewhat disagree,Somewhat disagree,Disagree,Somewhat disagree,Neutral,Disagree,Map,,Yes,Yes,Very Rarely,Very clearly,Landmarks,,Street-level,,Know it,Yes,Map,Often,Somewhat flexile,Somewhat easily,Maps,,A little,moderately good,No,,3,5-Jan,few times a year,No,,Yes,few times a year,5-Jan,Fortnite,Minecraft,,,"Action,City-building games",1,,,2,,,,,,,,,,,,,,,,,,,,,,,,,
3/18/2022 10:52,3/18/2022 11:03,IP Address,128.227.188.116,100,631,TRUE,3/18/2022 11:03,R_2YtWSKyTpcRcped,,,,,29.68249512,-82.36060333,anonymous,EN,2006,,Chrome,99.0.4844.74,Windows NT 10.0,1920x1080,19,14,not english,right,male,man,,heterosexual,,"hisp,white",,Disagree,Somewhat disagree,Somewhat agree,Somewhat agree,Disagree,Agree,Disagree,Agree,Somewhat disagree,Agree,Somewhat disagree,Somewhat disagree,Somewhat disagree,Somewhat disagree,Somewhat agree,Map,,No,Somewhat,Somewhat Often,Somewhat clearly,Map Directions,,Bird's Eye View,,Some of each,Somewhat,Directions,Sometimes,Prefer the same route,Not easily,Scene at a time,,A moderate amount,moderately good,Yes,weekly,7,16-20,weekly,Yes,"PlayStation,Nintendo Switch,Mobile",Yes,weekly,10-Jun,Overwatch,Dead by Deadlight,Elden Ring,Fortnite,"First-person shooter,Adventure Fighting,Survival/Horror",,2,,,,,1,,,,,,,,,,,,,,,,,,,,,3,
3/23/2022 8:44,3/23/2022 8:46,Survey Preview,,100,80,TRUE,3/23/2022 8:46,R_2zcepGna0azXFGS,,,,,29.61380005,-82.38600159,preview,EN,0,,Chrome,99.0.4844.82,Windows NT 10.0,2195x1235,5,0,not english,not right,male,transgender man,,heterosexual,,black/afri-amer,,Strongly agree,Strongly agree,Strongly agree,Strongly agree,Strongly agree,Strongly agree,Strongly agree,Strongly agree,Strongly agree,Strongly agree,Strongly agree,Strongly agree,Strongly agree,Strongly agree,Strongly agree,Scene,,Yes,No,Somewhat Often,Very clearly,Landmarks,,Bird's Eye View,,Some of each,Somewhat,Map,Sometimes,Flexible,Very easily,Other:,,None at all,,,,,,,,,,,,,,,,,,,,,,,,,,,,,,,,,,,,,,,,,,,,,
3/23/2022 7:32,3/23/2022 7:39,IP Address,128.227.188.116,22,414,FALSE,3/30/2022 7:39,R_1jWnGTOSC209EHZ,,,,,,,anonymous,EN,2007,,Chrome,99.0.4844.82,Windows NT 10.0,1920x1080,19,14,english,right,male,man,,heterosexual,,black/afri-amer,,,,,,,,,,,,,,,,,,,,,,,,,,,,,,,,,,,,,,,,,,,,,,,,,,,,,,,,,,,,,,,,,,,,,,,,,,,,,,,,
