StartDate,EndDate,Status,IPAddress,Progress,Duration (in seconds),Finished,RecordedDate,ResponseId,RecipientLastName,RecipientFirstName,RecipientEmail,ExternalReference,LocationLatitude,LocationLongitude,DistributionChannel,UserLanguage,Study_Participant_ID,Virtual_Silcton_ID,Q8_Browser,Q8_Version,Q8_Operating System,Q8_Resolution,Q9,Q10,Q11,Q12,Q14,Q15,Q15_6_TEXT,Q16,Q16_4_TEXT,Q17,Q17_8_TEXT,SBSOD_1_1,SBSOD_2_1,SBSOD_3_1,SBSOD_4_1,SBSOD_5_1,SBSOD_6_1,SBSOD_7_1,SBSOD_8_1,SBSOD_9_1,SBSOD_10_1,SBSOD_11_1,SBSOD_12_1,SBSOD_13_1,SBSOD_14_1,SBSOD_15_1,QID138,QID138_3_TEXT,Q121,Q123,Q125,Q127,Q129,Q129_3_TEXT,Q131,Q131_3_TEXT,Q133,Q135,Q137,Q139,Q141,Q143,Q145,Q145_3_TEXT,Q122,Q123,Q124,Q125,Q126,Q127,Q128,Q129,Q130,Q131,Q132,Q133,Q134_1,Q134_2,Q134_3,Q134_4,Q135_0_GROUP,Q135_0_1_RANK,Q135_0_2_RANK,Q135_0_3_RANK,Q135_0_4_RANK,Q135_0_5_RANK,Q135_0_6_RANK,Q135_0_7_RANK,Q135_0_8_RANK,Q135_0_9_RANK,Q135_0_10_RANK,Q135_0_11_RANK,Q135_0_12_RANK,Q135_0_13_RANK,Q135_0_14_RANK,Q135_0_15_RANK,Q135_0_16_RANK,Q135_0_17_RANK,Q135_0_18_RANK,Q135_0_19_RANK,Q135_0_20_RANK,Q135_0_21_RANK,Q135_0_22_RANK,Q135_0_23_RANK,Q135_0_24_RANK,Q135_0_25_RANK,Q135_0_26_RANK,Q135_0_27_RANK,Q135_0_28_RANK,Q135_0_29_RANK
Start Date,End Date,Response Type,IP Address,Progress,Duration (in seconds),Finished,Recorded Date,Response ID,Recipient Last Name,Recipient First Name,Recipient Email,External Data Reference,Location Latitude,Location Longitude,Distribution Channel,User Language,"EXPERIMENTER USE ONLY:
Please enter the Participant ID for this study",What is the Virtual Silcton unique identifier? (Copy and paste below),Browser Meta Info - Browser,Browser Meta Info - Version,Browser Meta Info - Operating System,Browser Meta Info - Resolution,What is your age?,"How many years of education have you completed? 
 

Completing high school is equivalent to 12 years of education (e.g., an undergraduate student will have completed 14 years of education by the end of their second year at college / university).",Is English your first language?,Do you normally write with your right hand?,What sex were you assigned at birth?,What is your gender identity? - Selected Choice,What is your gender identity? - Other (please specify) - Text,What is your sexual orientation? - Selected Choice,What is your sexual orientation? - Other (please specify) - Text,What is your race / ethnicity? - Selected Choice,What is your race / ethnicity? - Other (please specify) - Text,1) - I am very good at giving directions.,2) - I have a poor memory for where I left things.,3) - I am very good at judging distances.,"4) - My ""sense of direction"" is very good.","5) - I tend to think of my environment in terms of cardinal directions (N, S, E, W).",6) - I very easily get lost in a new city.,7) - I enjoy reading maps.,8) - I have trouble understanding directions.,9) - I am very good at reading maps.,10) - I don't remember routes very well while riding as a passenger in a car.,11) - I don't enjoy giving directions.,12) - It's not important to me to know where I am.,13) - I usually let someone else do the navigational planning for long trips.,14) - I can usually remember a new route after I have traveled it only once.,"15) - I don't have a very good ""mental map"" of my environment.","When planning a route, do you picture a map of your route or do you picture scenes of what you will see along the way? - Selected Choice","When planning a route, do you picture a map of your route or do you picture scenes of what you will see along the way? - Other: - Text",Do you consider yourself a good navigator?,Do you find it easy to read and use maps?,How often do you get disoriented while finding your way around?,"When thinking about a familiar street, how well can you picture the buildings along it?","Would you give directions to a friend in terms of landmarks (i.e. when you see the subway stop, turn left) or in terms of map directions (i.e. walk north four blocks, then turn left)? - Selected Choice","Would you give directions to a friend in terms of landmarks (i.e. when you see the subway stop, turn left) or in terms of map directions (i.e. walk north four blocks, then turn left)? - Other: - Text",Do you picture travelling a route on street level or from a bird's eye view? - Selected Choice,Do you picture travelling a route on street level or from a bird's eye view? - Other: - Text,"When navigating in an area you know well, do you usually just know where to go or do you need to look around at the surroundings to decide (e.g. coming out of a subway station)?","When traveling along a new route, do you usually remember what buildings you've passed?",Would you prefer to navigate using a list of directions or a map,Do you use landmarks (i.e. familiar buildings) to orient yourself when navigating?,"Do you find you're flexible navigating along routes (i.e. you can take new shortcuts easily, or do you prefer to follow the same path every time?",How easily could you draw a map of the city that you know?,"Do you think that you navigate by following a mental map, or working on scene at a time. - Selected Choice","Do you think that you navigate by following a mental map, or working on scene at a time. - Other: - Text","Z”˛;mso-bidi-font-family:P>Z”˛;
color:black"">How much video game experience do you have?",How good do you feel you are at playing video games?,Do you currently play video games?,How often (approximately) do you currently play video games?,How many years have you consistently played video games (lifetime)?,"At your peak playing, how many hours per week did you play video games?",Within the past five years how often have you played any video games?,Do you currently have a device to play video games?,What type of device(s)? Exclude immersive VR setups.,"This next set of questions have to do with a specific kind of video game. 
Have you ever played video games involving navigation, walking, or driving (examples include Grand Theft Auto, Halo, Call of Duty, World of Warcraft, League of Legends, Minecraft, Legend of Zelda: Breath of the Wild)?","How often (approximately) do you currently play video games involving navigation, walking, or driving?","At your peak playing, how many hours per week did you play video games involving navigation, walking, or driving?",What are your Top 4 (in order) video games that you like to play? (write Not Applicable if you don't play video games) - 1.,What are your Top 4 (in order) video games that you like to play? (write Not Applicable if you don't play video games) - 2.,What are your Top 4 (in order) video games that you like to play? (write Not Applicable if you don't play video games) - 3.,What are your Top 4 (in order) video games that you like to play? (write Not Applicable if you don't play video games) - 4.,"Select your top 3 genres or video game categories that you enjoy playing. (Leave blank if you do not play video games). - Groups - Your Top 3 Genres, or video game categories, that you enjoy playing.","Select your top 3 genres or video game categories that you enjoy playing. (Leave blank if you do not play video games). - Ranks - Your Top 3 Genres, or video game categories, that you enjoy playing. - Action - Rank","Select your top 3 genres or video game categories that you enjoy playing. (Leave blank if you do not play video games). - Ranks - Your Top 3 Genres, or video game categories, that you enjoy playing. - Adventure Fighting - Rank","Select your top 3 genres or video game categories that you enjoy playing. (Leave blank if you do not play video games). - Ranks - Your Top 3 Genres, or video game categories, that you enjoy playing. - Arcade - Rank","Select your top 3 genres or video game categories that you enjoy playing. (Leave blank if you do not play video games). - Ranks - Your Top 3 Genres, or video game categories, that you enjoy playing. - City-building games - Rank","Select your top 3 genres or video game categories that you enjoy playing. (Leave blank if you do not play video games). - Ranks - Your Top 3 Genres, or video game categories, that you enjoy playing. - Economic simulation games - Rank","Select your top 3 genres or video game categories that you enjoy playing. (Leave blank if you do not play video games). - Ranks - Your Top 3 Genres, or video game categories, that you enjoy playing. - Educational - Rank","Select your top 3 genres or video game categories that you enjoy playing. (Leave blank if you do not play video games). - Ranks - Your Top 3 Genres, or video game categories, that you enjoy playing. - First-person shooter - Rank","Select your top 3 genres or video game categories that you enjoy playing. (Leave blank if you do not play video games). - Ranks - Your Top 3 Genres, or video game categories, that you enjoy playing. - Flight - Rank","Select your top 3 genres or video game categories that you enjoy playing. (Leave blank if you do not play video games). - Ranks - Your Top 3 Genres, or video game categories, that you enjoy playing. - God games - Rank","Select your top 3 genres or video game categories that you enjoy playing. (Leave blank if you do not play video games). - Ranks - Your Top 3 Genres, or video game categories, that you enjoy playing. - Mass. Multi. Online Games - Rank","Select your top 3 genres or video game categories that you enjoy playing. (Leave blank if you do not play video games). - Ranks - Your Top 3 Genres, or video game categories, that you enjoy playing. - Other (specify) - Rank","Select your top 3 genres or video game categories that you enjoy playing. (Leave blank if you do not play video games). - Ranks - Your Top 3 Genres, or video game categories, that you enjoy playing. - Maze - Rank","Select your top 3 genres or video game categories that you enjoy playing. (Leave blank if you do not play video games). - Ranks - Your Top 3 Genres, or video game categories, that you enjoy playing. - Military - Rank","Select your top 3 genres or video game categories that you enjoy playing. (Leave blank if you do not play video games). - Ranks - Your Top 3 Genres, or video game categories, that you enjoy playing. - Music - Rank","Select your top 3 genres or video game categories that you enjoy playing. (Leave blank if you do not play video games). - Ranks - Your Top 3 Genres, or video game categories, that you enjoy playing. - Pinball - Rank","Select your top 3 genres or video game categories that you enjoy playing. (Leave blank if you do not play video games). - Ranks - Your Top 3 Genres, or video game categories, that you enjoy playing. - Platform - Rank","Select your top 3 genres or video game categories that you enjoy playing. (Leave blank if you do not play video games). - Ranks - Your Top 3 Genres, or video game categories, that you enjoy playing. - Puzzle - Rank","Select your top 3 genres or video game categories that you enjoy playing. (Leave blank if you do not play video games). - Ranks - Your Top 3 Genres, or video game categories, that you enjoy playing. - Strategy - Rank","Select your top 3 genres or video game categories that you enjoy playing. (Leave blank if you do not play video games). - Ranks - Your Top 3 Genres, or video game categories, that you enjoy playing. - Racing - Rank","Select your top 3 genres or video game categories that you enjoy playing. (Leave blank if you do not play video games). - Ranks - Your Top 3 Genres, or video game categories, that you enjoy playing. - Real-time and turn-based tactical - Rank","Select your top 3 genres or video game categories that you enjoy playing. (Leave blank if you do not play video games). - Ranks - Your Top 3 Genres, or video game categories, that you enjoy playing. - Real-time and turn-based strategy - Rank","Select your top 3 genres or video game categories that you enjoy playing. (Leave blank if you do not play video games). - Ranks - Your Top 3 Genres, or video game categories, that you enjoy playing. - Role-playing - Rank","Select your top 3 genres or video game categories that you enjoy playing. (Leave blank if you do not play video games). - Ranks - Your Top 3 Genres, or video game categories, that you enjoy playing. - Simulators - Rank","Select your top 3 genres or video game categories that you enjoy playing. (Leave blank if you do not play video games). - Ranks - Your Top 3 Genres, or video game categories, that you enjoy playing. - Space - Rank","Select your top 3 genres or video game categories that you enjoy playing. (Leave blank if you do not play video games). - Ranks - Your Top 3 Genres, or video game categories, that you enjoy playing. - Sports - Rank","Select your top 3 genres or video game categories that you enjoy playing. (Leave blank if you do not play video games). - Ranks - Your Top 3 Genres, or video game categories, that you enjoy playing. - Stealth - Rank","Select your top 3 genres or video game categories that you enjoy playing. (Leave blank if you do not play video games). - Ranks - Your Top 3 Genres, or video game categories, that you enjoy playing. - Strategy war games - Rank","Select your top 3 genres or video game categories that you enjoy playing. (Leave blank if you do not play video games). - Ranks - Your Top 3 Genres, or video game categories, that you enjoy playing. - Survival/Horror - Rank","Select your top 3 genres or video game categories that you enjoy playing. (Leave blank if you do not play video games). - Ranks - Your Top 3 Genres, or video game categories, that you enjoy playing. - Vehicular combat - Rank"
"{""ImportId"":""startDate"",""timeZone"":""America/Denver""}","{""ImportId"":""endDate"",""timeZone"":""America/Denver""}","{""ImportId"":""status""}","{""ImportId"":""ipAddress""}","{""ImportId"":""progress""}","{""ImportId"":""duration""}","{""ImportId"":""finished""}","{""ImportId"":""recordedDate"",""timeZone"":""America/Denver""}","{""ImportId"":""_recordId""}","{""ImportId"":""recipientLastName""}","{""ImportId"":""recipientFirstName""}","{""ImportId"":""recipientEmail""}","{""ImportId"":""externalDataReference""}","{""ImportId"":""locationLatitude""}","{""ImportId"":""locationLongitude""}","{""ImportId"":""distributionChannel""}","{""ImportId"":""userLanguage""}","{""ImportId"":""QID152_TEXT""}","{""ImportId"":""QID153_TEXT""}","{""ImportId"":""QID8_BROWSER""}","{""ImportId"":""QID8_VERSION""}","{""ImportId"":""QID8_OS""}","{""ImportId"":""QID8_RESOLUTION""}","{""ImportId"":""QID9_TEXT""}","{""ImportId"":""QID10_TEXT""}","{""ImportId"":""QID11""}","{""ImportId"":""QID12""}","{""ImportId"":""QID14""}","{""ImportId"":""QID15""}","{""ImportId"":""QID15_6_TEXT""}","{""ImportId"":""QID16""}","{""ImportId"":""QID16_4_TEXT""}","{""ImportId"":""QID17""}","{""ImportId"":""QID17_8_TEXT""}","{""ImportId"":""QID24_1""}","{""ImportId"":""QID26_1""}","{""ImportId"":""QID27_1""}","{""ImportId"":""QID28_1""}","{""ImportId"":""QID29_1""}","{""ImportId"":""QID30_1""}","{""ImportId"":""QID31_1""}","{""ImportId"":""QID32_1""}","{""ImportId"":""QID33_1""}","{""ImportId"":""QID34_1""}","{""ImportId"":""QID35_1""}","{""ImportId"":""QID36_1""}","{""ImportId"":""QID37_1""}","{""ImportId"":""QID38_1""}","{""ImportId"":""QID39_1""}","{""ImportId"":""QID138""}","{""ImportId"":""QID138_3_TEXT""}","{""ImportId"":""QID139""}","{""ImportId"":""QID140""}","{""ImportId"":""QID141""}","{""ImportId"":""QID142""}","{""ImportId"":""QID143""}","{""ImportId"":""QID143_3_TEXT""}","{""ImportId"":""QID144""}","{""ImportId"":""QID144_3_TEXT""}","{""ImportId"":""QID145""}","{""ImportId"":""QID146""}","{""ImportId"":""QID147""}","{""ImportId"":""QID148""}","{""ImportId"":""QID149""}","{""ImportId"":""QID150""}","{""ImportId"":""QID151""}","{""ImportId"":""QID151_3_TEXT""}","{""ImportId"":""QID122""}","{""ImportId"":""QID123""}","{""ImportId"":""QID124""}","{""ImportId"":""QID125""}","{""ImportId"":""QID126_TEXT""}","{""ImportId"":""QID127""}","{""ImportId"":""QID128""}","{""ImportId"":""QID129""}","{""ImportId"":""QID130""}","{""ImportId"":""QID131""}","{""ImportId"":""QID132""}","{""ImportId"":""QID133""}","{""ImportId"":""QID134_1""}","{""ImportId"":""QID134_2""}","{""ImportId"":""QID134_3""}","{""ImportId"":""QID134_4""}","{""ImportId"":""QID135_0_GROUP""}","{""ImportId"":""QID135_G0_1_RANK""}","{""ImportId"":""QID135_G0_2_RANK""}","{""ImportId"":""QID135_G0_3_RANK""}","{""ImportId"":""QID135_G0_4_RANK""}","{""ImportId"":""QID135_G0_5_RANK""}","{""ImportId"":""QID135_G0_6_RANK""}","{""ImportId"":""QID135_G0_7_RANK""}","{""ImportId"":""QID135_G0_8_RANK""}","{""ImportId"":""QID135_G0_9_RANK""}","{""ImportId"":""QID135_G0_10_RANK""}","{""ImportId"":""QID135_G0_11_RANK""}","{""ImportId"":""QID135_G0_12_RANK""}","{""ImportId"":""QID135_G0_13_RANK""}","{""ImportId"":""QID135_G0_14_RANK""}","{""ImportId"":""QID135_G0_15_RANK""}","{""ImportId"":""QID135_G0_16_RANK""}","{""ImportId"":""QID135_G0_17_RANK""}","{""ImportId"":""QID135_G0_18_RANK""}","{""ImportId"":""QID135_G0_19_RANK""}","{""ImportId"":""QID135_G0_20_RANK""}","{""ImportId"":""QID135_G0_21_RANK""}","{""ImportId"":""QID135_G0_22_RANK""}","{""ImportId"":""QID135_G0_23_RANK""}","{""ImportId"":""QID135_G0_24_RANK""}","{""ImportId"":""QID135_G0_25_RANK""}","{""ImportId"":""QID135_G0_26_RANK""}","{""ImportId"":""QID135_G0_27_RANK""}","{""ImportId"":""QID135_G0_28_RANK""}","{""ImportId"":""QID135_G0_29_RANK""}"
2022-03-23 07:39:07,2022-03-23 07:43:51,IP Address,128.227.188.116,100,283,True,2022-03-23 07:43:51,R_1F8OqJxYOaxfJZn,,,,,29.6824951171875,-82.36060333251953125,anonymous,EN,,,Chrome,99.0.4844.82,Windows NT 10.0,1920x1080,19,14,english,right,male,man,,heterosexual,,black/afri-amer,,Agree,Disagree,Somewhat agree,Somewhat agree,Strongly disagree,Somewhat disagree,Disagree,Somewhat disagree,Agree,Disagree,Somewhat disagree,Somewhat agree,Strongly disagree,Disagree,Disagree,,,,,,,,,,,,,,,,,,,,,,,,,,,,,,,,,,,,,,,,,,,,,,,,,,,,,,,,,,,,,,,,
2022-03-23 08:53:25,2022-03-23 09:25:18,IP Address,128.227.188.116,100,1912,True,2022-03-23 09:25:18,R_8w5hNmEmwj1Fi37,,,,,29.6824951171875,-82.36060333251953125,anonymous,EN,2008,,Chrome,99.0.4844.82,Windows NT 10.0,1920x1080,18,12,english,right,male,man,,heterosexual,,black/afri-amer,,Strongly agree,Somewhat disagree,Agree,Agree,Somewhat agree,Disagree,Neutral,Disagree,Somewhat agree,Somewhat disagree,Neutral,Disagree,Somewhat agree,Neutral,Disagree,Scene,,Yes,Somewhat,Very Rarely,Very clearly,Landmarks,,Street-level,,Some of each,Somewhat,Directions,Often,Flexible,Not easily,Scene at a time,,A great deal,very good,Yes,monthly,13,10-15,weekly,No,,Yes,monthly,10-15,Grand Theft Auto,NBA 2k,Mario Kart,Madden,"Sports,Action,Adventure Fighting,First-person shooter",2,3,,,,,4,,,,,,,,,,,,,,,,,,1,,,,
2022-03-23 12:16:51,2022-03-23 12:25:54,IP Address,128.227.188.116,100,542,True,2022-03-23 12:25:54,R_3F58htZiDZrgWBX,,,,,29.6824951171875,-82.36060333251953125,anonymous,EN,2009,,Chrome,99.0.4844.82,Windows NT 10.0,1920x1080,18,12,english,right,male,man,,heterosexual,,other,Middle Eastern,Somewhat agree,Agree,Neutral,Somewhat disagree,Strongly agree,Somewhat agree,Disagree,Somewhat agree,Neutral,Somewhat agree,Somewhat disagree,Disagree,Somewhat agree,Somewhat disagree,Somewhat disagree,Scene,,No,Somewhat,Very Rarely,Very clearly,Landmarks,,Street-level,,Some of each,Somewhat,Directions,Often,Somewhat flexile,Very easily,Scene at a time,,A moderate amount,moderately good,No,,4,1-5,weekly,No,,Yes,monthly,1-5,Madden,MLB the Show,Fortnite,Rocket League,"Sports,First-person shooter,Action",3,,,,,,2,,,,,,,,,,,,,,,,,,1,,,,
2022-03-25 07:28:26,2022-03-25 07:37:51,IP Address,128.227.188.116,100,565,True,2022-03-25 07:37:51,R_2afYuuU4SYd4L3h,,,,,29.6824951171875,-82.36060333251953125,anonymous,EN,2010,,Chrome,99.0.4844.82,Windows NT 10.0,1920x1080,19,13,english,right,female,woman,,heterosexual,,white,,Somewhat agree,Neutral,Somewhat agree,Neutral,Somewhat disagree,Somewhat agree,Somewhat disagree,Somewhat disagree,Neutral,Somewhat disagree,Neutral,Disagree,Somewhat agree,Somewhat agree,Somewhat disagree,Scene,,Yes,Somewhat,Somewhat Often,Somewhat clearly,Landmarks,,Street-level,,Some of each,Somewhat,Directions,Sometimes,Prefer the same route,Somewhat easily,Scene at a time,,A moderate amount,moderately good,No,,3,1-5,few times a year,No,,Yes,few times a year,1-5,"grand theft auto ",n/a,n/a,n/a,"Action,Arcade,Strategy",1,,2,,,,,,,,,,,,,,,3,,,,,,,,,,,
2022-03-25 08:14:31,2022-03-25 08:57:41,IP Address,128.227.188.116,100,2590,True,2022-03-25 08:57:42,R_3l7DLEo6Kn4qc0N,,,,,29.6824951171875,-82.36060333251953125,anonymous,EN,2011,,Chrome,99.0.4844.82,Windows NT 10.0,1920x1080,18,12,english,right,female,woman,,heterosexual,,white,,Agree,Somewhat disagree,Somewhat agree,Somewhat agree,Disagree,Agree,Somewhat disagree,Somewhat disagree,Somewhat agree,Somewhat agree,Somewhat disagree,Somewhat disagree,Agree,Somewhat agree,Neutral,Scene,,Yes,Somewhat,Very Rarely,Somewhat clearly,Landmarks,,Street-level,,Some of each,Somewhat,Directions,Often,Somewhat flexile,Not easily,Scene at a time,,A little,moderately good,No,,0,1-5,few times a year,No,,Yes,few times a year,1-5,call of duty,,,,,,,,,,,,,,,,,,,,,,,,,,,,,,,,,
2022-03-29 09:47:38,2022-03-29 10:11:27,IP Address,128.227.188.116,100,1428,True,2022-03-29 10:11:27,R_tFMP0ZdAipPVhTj,,,,,29.6824951171875,-82.36060333251953125,anonymous,EN,2012,,Chrome,99.0.4844.82,Windows NT 10.0,1920x1080,19,13,not english,right,female,woman,,heterosexual,,asian,,Somewhat agree,Agree,Disagree,Somewhat disagree,Somewhat agree,Agree,Neutral,Agree,Somewhat disagree,Somewhat disagree,Somewhat agree,Disagree,Neutral,Somewhat agree,Somewhat disagree,Scene,,No,Somewhat,Somewhat Often,Very clearly,Landmarks,,Bird's Eye View,,Some of each,Somewhat,Map,Often,Somewhat flexile,Somewhat easily,Scene at a time,,A little,not very skilled,No,,,1-5,few times a year,No,,Yes,few times a year,1-5,Fifa,Grand theft auto,n/a,n/a,"Adventure Fighting,Mass. Multi. Online Games,Arcade",,1,3,,,,,,,2,,,,,,,,,,,,,,,,,,,
2022-04-01 07:35:26,2022-04-01 07:40:10,IP Address,128.227.188.116,100,283,True,2022-04-01 07:40:11,R_3PpjVwK1LY1SOlg,,,,,29.6824951171875,-82.36060333251953125,anonymous,EN,2013,,Chrome,99.0.4844.84,Windows NT 10.0,1920x1080,18,13,english,right,female,woman,,heterosexual,,white,,Agree,Somewhat agree,Strongly agree,Strongly agree,Somewhat agree,Disagree,Agree,Somewhat disagree,Agree,Disagree,Somewhat disagree,Disagree,Disagree,Agree,Disagree,Scene,,Yes,Yes,Very Rarely,Very clearly,Landmarks,,Street-level,,Know it,Somewhat,Map,Often,Flexible,Very easily,Scene at a time,,A little,not very skilled,No,,5,1-5,few times a year,No,,Yes,never,0,Mariocart,,,,"Music,Racing,Arcade",,,3,,,,,,,,,,,1,,,,,2,,,,,,,,,,
2022-04-01 08:20:13,2022-04-01 10:40:57,IP Address,128.227.188.116,100,8444,True,2022-04-01 10:40:57,R_6sy2ZAWEv4s1Tvr,,,,,29.6824951171875,-82.36060333251953125,anonymous,EN,2014,,Chrome,99.0.4844.84,Windows NT 10.0,1920x1080,19,12,english,right,female,woman,,do not wish to say,,white,,Somewhat agree,Disagree,Somewhat disagree,Agree,Strongly disagree,Somewhat agree,Disagree,Neutral,Somewhat disagree,Somewhat agree,Somewhat disagree,Somewhat agree,Strongly agree,Neutral,Disagree,Scene,,Yes,Somewhat,Very Rarely,Somewhat clearly,Landmarks,,Street-level,,Some of each,Somewhat,Directions,Often,Somewhat flexile,Not easily,Scene at a time,,None at all,,,,,,,,,,,,,,,,,,,,,,,,,,,,,,,,,,,,,,,,,,,,,
2022-04-01 13:54:20,2022-04-01 14:01:37,IP Address,128.227.188.116,100,437,True,2022-04-01 14:01:37,R_3e3orwFHf9IJQqU,,,,,29.6824951171875,-82.36060333251953125,anonymous,EN,2015,,Chrome,99.0.4844.84,Windows NT 10.0,1920x1080,19,13,english,right,female,woman,,heterosexual,,"hisp,white",,Disagree,Agree,Disagree,Strongly disagree,Neutral,Somewhat agree,Somewhat agree,Somewhat agree,Somewhat disagree,Agree,Agree,Somewhat disagree,Agree,Disagree,Agree,Map,,No,Somewhat,Very Often,Somewhat clearly,Landmarks,,Bird's Eye View,,Neet to look around,Somewhat,Map,Sometimes,Somewhat flexile,Not easily,Scene at a time,,A little,not very skilled,No,,1,16-20,daily,Yes,PC/Mac,Yes,few times a year,16-20,Wizard 101,,,,"Role-playing,Adventure Fighting,Strategy",,2,,,,,,,,,,,,,,,,3,,,,1,,,,,,,
2022-04-04 10:24:52,2022-04-04 10:35:19,IP Address,128.227.188.116,100,627,True,2022-04-04 10:35:20,R_301SaTK2m1GCfY6,,,,,29.6824951171875,-82.36060333251953125,anonymous,EN,2016,,Chrome,99.0.4844.84,Windows NT 10.0,1920x1080,20,14,english,right,female,woman,,heterosexual,,white,,Somewhat agree,Agree,Somewhat disagree,Strongly agree,Strongly disagree,Disagree,Strongly disagree,Disagree,Somewhat disagree,Disagree,Agree,Neutral,Agree,Neutral,Somewhat disagree,Scene,,Yes,Somewhat,Somewhat Often,Somewhat clearly,Landmarks,,Street-level,,Some of each,Yes,Directions,Often,Somewhat flexile,Not easily,Scene at a time,,A little,not very skilled,No,,1,6-10,few times a year,No,,No,,,,,,,,,,,,,,,,,,,,,,,,,,,,,,,,,,,,
2022-04-05 10:00:36,2022-04-05 10:09:56,IP Address,128.227.188.116,100,560,True,2022-04-05 10:09:57,R_1ptfQOqOSkOV4DQ,,,,,29.682500000000000994759830064140260219573974609375,-82.360600000000005138645065017044544219970703125,anonymous,EN,2017,,Chrome,99.0.4844.84,Windows NT 10.0,1920x1080,18,12,english,right,male,man,,heterosexual,,asian,,Somewhat agree,Somewhat agree,Agree,Agree,Neutral,Somewhat disagree,Neutral,Somewhat disagree,Neutral,Disagree,Agree,Somewhat agree,Neutral,Somewhat agree,Somewhat disagree,Scene,,Yes,Yes,Very Rarely,Somewhat clearly,Landmarks,,Street-level,,Some of each,Somewhat,Directions,Often,Somewhat flexile,Not easily,Maps,,A lot,very good,Yes,weekly,8,10-15,weekly,Yes,"Nintendo Switch,Nintendo DS/3DS,PC/Mac,Mobile",Yes,few times a year,10-15,Overwatch,Pokemon,Fire Emblem,Xenoblade Chronicles,"Real-time and turn-based strategy,Racing,First-person shooter",,,,,,,3,,,,,,,,,,,,2,,1,,,,,,,,
2022-04-06 07:31:13,2022-04-06 07:38:33,IP Address,128.227.188.116,100,439,True,2022-04-06 07:38:34,R_3hAPAsjfo6SX38c,,,,,29.682500000000000994759830064140260219573974609375,-82.360600000000005138645065017044544219970703125,anonymous,EN,2018,,Chrome,99.0.4844.84,Windows NT 10.0,1920x1080,18,12,english,right,female,woman,,heterosexual,,white,,Somewhat disagree,Somewhat agree,Somewhat disagree,Somewhat disagree,Disagree,Agree,Somewhat agree,Somewhat disagree,Somewhat agree,Somewhat agree,Somewhat disagree,Disagree,Agree,Somewhat disagree,Somewhat agree,Scene,,No,Yes,Somewhat Often,Very clearly,Landmarks,,Street-level,,Some of each,Rarely,Map,Often,Prefer the same route,Somewhat easily,Scene at a time,,A moderate amount,not very skilled,No,,4,6-10,monthly,No,,Yes,few times a year,6-10,Minecraft,Call of Duty,Fortnite,Mario Cart,"City-building games,Racing,First-person shooter",,,,1,,,3,,,,,,,,,,,,2,,,,,,,,,,
2022-04-06 10:57:29,2022-04-06 11:06:27,IP Address,128.227.188.116,100,537,True,2022-04-06 11:06:27,R_2dv8mg0e7pV02Wk,,,,,29.682500000000000994759830064140260219573974609375,-82.360600000000005138645065017044544219970703125,anonymous,EN,2019,,Chrome,99.0.4844.84,Windows NT 10.0,1920x1080,19,14,english,not right,male,man,,heterosexual,,hisp,,Somewhat agree,Somewhat disagree,Agree,Somewhat agree,Agree,Somewhat agree,Somewhat agree,Disagree,Agree,Somewhat disagree,Disagree,Disagree,Somewhat disagree,Somewhat agree,Somewhat disagree,Scene,,Yes,Yes,Very Rarely,Very clearly,Landmarks,,Bird's Eye View,,Know it,Somewhat,Map,Often,Flexible,Somewhat easily,Maps,,A moderate amount,very good,No,,8,10-15,few times a year,No,,Yes,few times a year,10-15,Call of Duty,FIFA,N/A,N/A,"Arcade,Sports,First-person shooter",,,1,,,,3,,,,,,,,,,,,,,,,,,2,,,,
2022-04-08 07:26:04,2022-04-08 07:31:01,IP Address,128.227.188.116,100,296,True,2022-04-08 07:31:02,R_2zIwHBl39MOIlqI,,,,,29.613800000000001233502189279533922672271728515625,-82.385999999999995679900166578590869903564453125,anonymous,EN,2020,,Chrome,100.0.4896.75,Windows NT 10.0,1920x1080,19,13,not english,right,female,woman,,heterosexual,,white,,Strongly agree,Disagree,Agree,Strongly agree,Neutral,Neutral,Agree,Neutral,Somewhat agree,Disagree,Somewhat agree,Strongly disagree,Somewhat disagree,Strongly agree,Disagree,Scene,,Yes,Yes,Very Rarely,Somewhat clearly,Landmarks,,Street-level,,Some of each,Yes,Map,Often,Flexible,Very easily,Scene at a time,,A moderate amount,moderately good,No,,2,1-5,never,No,,Yes,few times a year,1-5,N/A,,,,"Puzzle,Military,Vehicular combat",,,,,,,,,,,,,2,,,,1,,,,,,,,,,,,3
2022-04-11 07:32:42,2022-04-11 07:38:21,IP Address,128.227.188.116,100,338,True,2022-04-11 07:38:21,R_TmYSGYuzfAvD1x7,,,,,29.613800048828125,-82.3860015869140625,anonymous,EN,2021,,Chrome,100.0.4896.75,Windows NT 10.0,1920x1080,19,13,english,right,female,woman,,heterosexual,,white,,Agree,Disagree,Somewhat agree,Agree,Disagree,Somewhat disagree,Somewhat agree,Somewhat disagree,Somewhat agree,Disagree,Somewhat agree,Disagree,Somewhat agree,Somewhat agree,Disagree,Map,,Yes,Yes,Very Rarely,Very clearly,Landmarks,,Street-level,,Know it,Somewhat,Map,Often,Somewhat flexile,Somewhat easily,Maps,,A little,no skill,No,,0,0,few times a year,No,,Yes,few times a year,0,Not Applicable,Not Applicable,Not Applicable,Not Applicable,,,,,,,,,,,,,,,,,,,,,,,,,,,,,,
2022-04-11 08:27:33,2022-04-11 09:04:36,IP Address,128.227.188.116,100,2223,True,2022-04-11 09:04:37,R_6KIQBlQ49DN8jJv,,,,,29.613800048828125,-82.3860015869140625,anonymous,EN,2022,,Chrome,100.0.4896.75,Windows NT 10.0,1920x1080,19,13,english,right,male,man,,heterosexual,,white,,Somewhat agree,Somewhat agree,Neutral,Neutral,Disagree,Somewhat disagree,Disagree,Somewhat disagree,Somewhat agree,Somewhat disagree,Somewhat agree,Disagree,Somewhat disagree,Somewhat agree,Somewhat disagree,Scene,,Yes,Somewhat,Somewhat Often,Somewhat clearly,Landmarks,,Street-level,,Some of each,Yes,Map,Often,Somewhat flexile,Not easily,Scene at a time,,A lot,moderately good,Yes,weekly,12,6-10,weekly,Yes,"PlayStation,Nintendo Switch,Xbox,Nintendo DS/3DS,Mobile",Yes,weekly,6-10,Halo,Metroid,Pokemon,Lego Star Wars,"Survival/Horror,Adventure Fighting,First-person shooter",,2,,,,,3,,,,,,,,,,,,,,,,,,,,,1,
2022-04-11 09:54:53,2022-04-11 12:24:30,IP Address,128.227.188.116,100,8977,True,2022-04-11 12:24:31,R_3frcZ8WSCyx8azm,,,,,29.613800048828125,-82.3860015869140625,anonymous,EN,2023,,Chrome,100.0.4896.75,Windows NT 10.0,1920x1080,21,15,english,right,female,woman,,heterosexual,,white,,Disagree,Strongly agree,Somewhat agree,Somewhat disagree,Strongly disagree,Agree,Strongly disagree,Somewhat agree,Disagree,Strongly agree,Agree,Somewhat disagree,Agree,Strongly disagree,Strongly agree,Map,,No,Somewhat,Very Often,Very clearly,Map Directions,,Bird's Eye View,,Some of each,Somewhat,Map,Sometimes,Somewhat flexile,Not easily,Scene at a time,,None at all,,,,,,,,,,,,,,,,,,,,,,,,,,,,,,,,,,,,,,,,,,,,,
2022-04-12 09:53:05,2022-04-12 09:58:20,IP Address,128.227.188.116,100,314,True,2022-04-12 09:58:20,R_3sA2cjFaSnvvzr9,,,,,29.613800048828125,-82.3860015869140625,anonymous,EN,2024,,Chrome,100.0.4896.75,Windows NT 10.0,1920x1080,18,12,english,right,female,woman,,heterosexual,,"asian,white",,Disagree,Strongly agree,Agree,Somewhat agree,Strongly disagree,Strongly disagree,Disagree,Somewhat agree,Somewhat agree,Disagree,Agree,Disagree,Strongly agree,Strongly agree,Disagree,Scene,,No,Somewhat,Very Rarely,Very clearly,Landmarks,,Street-level,,Some of each,Yes,Directions,Often,Prefer the same route,Very easily,Maps,,A lot,moderately good,No,,15,0,daily,Yes,"Wii,Nintendo Switch,PC/Mac,Mobile",Yes,never,6-10,N/a,N/a,N/a,N/a,,,,,,,,,,,,,,,,,,,,,,,,,,,,,,
2022-04-12 10:52:36,2022-04-12 11:28:36,IP Address,128.227.188.116,100,2160,True,2022-04-12 11:28:37,R_3h53HpNCk3Jfskc,,,,,29.613800048828125,-82.3860015869140625,anonymous,EN,2025,,Chrome,100.0.4896.75,Windows NT 10.0,1920x1080,19,13,not english,right,male,man,,heterosexual,,"hisp,white",,Agree,Disagree,Agree,Somewhat agree,Disagree,Neutral,Neutral,Somewhat agree,Somewhat agree,Neutral,Neutral,Disagree,Agree,Agree,Somewhat agree,Map,,Yes,Yes,Somewhat Often,Somewhat clearly,Map Directions,,Bird's Eye View,,Some of each,Rarely,Map,Sometimes,Prefer the same route,Somewhat easily,Maps,,A great deal,very good,Yes,daily,7,20+,daily,Yes,"PlayStation,PC/Mac,Mobile",Yes,daily,16-20,league of legends,fifa,clash royale,osu!,"Strategy war games,Strategy,Mass. Multi. Online Games",,,,,,,,,,3,,,,,,,,2,,,,,,,,,1,,
2022-04-13 07:32:15,2022-04-13 10:57:18,IP Address,128.227.188.116,100,12302,True,2022-04-13 10:57:19,R_3CZu7o1RZ8yGnkJ,,,,,29.6138,-82.386,anonymous,EN,2026,,Chrome,100.0.4896.75,Windows NT 10.0,1920x1080,20,15,english,right,female,woman,,heterosexual,,white,,Disagree,Somewhat agree,Disagree,Somewhat disagree,Strongly disagree,Agree,Disagree,Agree,Disagree,Somewhat agree,Agree,Disagree,Agree,Disagree,Somewhat agree,Scene,,No,No,Somewhat Often,Somewhat clearly,Landmarks,,Street-level,,Neet to look around,Somewhat,Directions,Often,Flexible,Not easily,Scene at a time,,A lot,moderately good,No,,2,1-5,few times a year,No,,Yes,monthly,1-5,grand theft auto,call of duty,just dance,,"Action,Racing,Arcade",1,,3,,,,,,,,,,,,,,,,2,,,,,,,,,,
2022-04-13 11:40:12,2022-04-13 12:44:45,IP Address,128.227.188.116,100,3873,True,2022-04-13 12:44:46,R_uyoe1StpteuhRGF,,,,,29.6138,-82.386,anonymous,EN,2027,,Chrome,100.0.4896.75,Windows NT 10.0,1920x1080,18,13,not english,right,female,woman,,do not wish to say,,asian,,Neutral,Somewhat agree,Somewhat disagree,Somewhat disagree,Strongly disagree,Neutral,Strongly disagree,Strongly disagree,Agree,Agree,Agree,Neutral,Agree,Disagree,Neutral,Map,,No,Somewhat,Somewhat Often,Very clearly,Landmarks,,Bird's Eye View,,Neet to look around,Rarely,Map,Sometimes,Prefer the same route,Not easily,Maps,,A great deal,not very skilled,Yes,daily,8,1-5,daily,Yes,Mobile,Yes,weekly,1-5,GTA5,Gangstar New  Orleans,,,"Survival/Horror,First-person shooter,Action",3,,,,,,2,,,,,,,,,,,,,,,,,,,,,1,
2022-04-13 13:35:46,2022-04-13 13:55:19,IP Address,128.227.188.116,100,1173,True,2022-04-13 13:55:20,R_tFnUfOhvXdnjpQd,,,,,29.6138,-82.386,anonymous,EN,2028,,Chrome,100.0.4896.75,Windows NT 10.0,1920x1080,18,12,english,right,female,woman,,heterosexual,,hisp,,Agree,Somewhat agree,Somewhat agree,Somewhat agree,Agree,Somewhat agree,Somewhat disagree,Disagree,Agree,Neutral,Somewhat disagree,Strongly disagree,Disagree,Somewhat agree,Agree,Map,,Yes,Yes,Somewhat Often,Somewhat clearly,Landmarks,,Street-level,,Some of each,Somewhat,Directions,Sometimes,Flexible,Somewhat easily,Maps,,A little,not very skilled,No,,1,1-5,few times a year,Yes,"PlayStation,Wii,Mobile",Yes,few times a year,1-5,Fifa,Minecraft,Fortnite,"Call of duty ","Arcade,Action,Racing",2,,1,,,,,,,,,,,,,,,,3,,,,,,,,,,
2022-04-14 12:14:48,2022-04-14 12:34:36,IP Address,128.227.188.116,100,1188,True,2022-04-14 12:34:36,R_2y7TNuVNQxoPtEO,,,,,29.6138,-82.386,anonymous,EN,2029,,Chrome,100.0.4896.88,Windows NT 10.0,1920x1080,20,13,english,right,male,man,,heterosexual,,white,,Strongly agree,Disagree,Neutral,Agree,Agree,Disagree,Somewhat disagree,Disagree,Somewhat agree,Disagree,Disagree,Somewhat agree,Disagree,Neutral,Disagree,Map,,Yes,Yes,Very Rarely,Very clearly,Other:,Depends on the person,Bird's Eye View,,Some of each,Yes,Map,Often,Somewhat flexile,Very easily,Maps,,A moderate amount,very good,Yes,weekly,10,10-15,weekly,Yes,"PlayStation,PC/Mac,Mobile",Yes,weekly,10-15,Hunt: Showdown,CSGO,chess.com,F1 2021,"First-person shooter,Strategy,Racing",,,,,,,1,,,,,,,,,,,2,3,,,,,,,,,,
2022-04-15 07:35:00,2022-04-15 07:43:29,IP Address,128.227.188.116,100,508,True,2022-04-15 07:43:30,R_3JKuGZ9jOWSoCcW,,,,,29.6138,-82.386,anonymous,EN,2030,,Chrome,100.0.4896.88,Windows NT 10.0,1920x1080,19,13,english,right,male,man,,heterosexual,,white,,Somewhat agree,Disagree,Somewhat agree,Somewhat agree,Somewhat disagree,Somewhat disagree,Agree,Somewhat disagree,Somewhat agree,Somewhat agree,Somewhat disagree,Somewhat agree,Somewhat agree,Somewhat disagree,Somewhat disagree,Map,,Yes,Somewhat,Very Rarely,Somewhat clearly,Map Directions,,Bird's Eye View,,Know it,Somewhat,Map,Sometimes,Somewhat flexile,Somewhat easily,Maps,,A lot,very good,Yes,weekly,8,16-20,weekly,Yes,"Nintendo Switch,PC/Mac,Mobile",Yes,weekly,16-20,Dota 2,Super Smash Bros Ultimate,Call of Duty,Valorant,"Strategy,First-person shooter,Real-time and turn-based strategy",,,,,,,2,,,,,,,,,,,1,,,3,,,,,,,,
2022-04-15 08:37:28,2022-04-15 09:01:36,IP Address,128.227.188.116,100,1447,True,2022-04-15 09:01:36,R_3Ja9ElAc77UC2hD,,,,,29.6138,-82.386,anonymous,EN,2031,,Chrome,100.0.4896.88,Windows NT 10.0,1920x1080,20,14,english,right,female,woman,,heterosexual,,black/afri-amer,,Strongly agree,Somewhat agree,Neutral,Somewhat agree,Strongly disagree,Agree,Disagree,Somewhat agree,Neutral,Somewhat disagree,Somewhat agree,Strongly disagree,Agree,Agree,Somewhat agree,Scene,,Yes,Somewhat,Somewhat Often,Somewhat clearly,Landmarks,,Bird's Eye View,,,Yes,Map,Often,Prefer the same route,Somewhat easily,Maps,,None at all,,,,,,,,,,,,,,,,,,,,,,,,,,,,,,,,,,,,,,,,,,,,,
2022-04-15 09:44:57,2022-04-15 10:49:29,IP Address,128.227.188.116,100,3871,True,2022-04-15 10:49:29,R_Y5FUwx58StH4yY1,,,,,29.6138,-82.386,anonymous,EN,2032,,Chrome,100.0.4896.88,Windows NT 10.0,1920x1080,18,13,not english,right,female,woman,,heterosexual,,white,,Agree,Somewhat disagree,Neutral,Somewhat agree,Somewhat disagree,Agree,Somewhat disagree,Neutral,Somewhat disagree,Somewhat disagree,Somewhat agree,Disagree,Somewhat agree,Somewhat agree,Somewhat disagree,Map,,No,Somewhat,Somewhat Often,Somewhat clearly,Landmarks,,Street-level,,Know it,Somewhat,Map,Often,Somewhat flexile,Somewhat easily,Maps,,None at all,,,,,,,,,,,,,,,,,,,,,,,,,,,,,,,,,,,,,,,,,,,,,
2022-04-15 14:38:17,2022-04-15 14:48:01,IP Address,128.227.188.116,100,584,True,2022-04-15 14:48:01,R_sXtdYXbiUqGgH85,,,,,29.6138,-82.386,anonymous,EN,2033,,Chrome,100.0.4896.88,Windows NT 10.0,1920x1080,20,15,english,right,female,woman,,heterosexual,,white,,Agree,Somewhat agree,Agree,Agree,Neutral,Disagree,Disagree,Disagree,Somewhat disagree,Disagree,Somewhat disagree,Disagree,Neutral,Neutral,Somewhat disagree,Scene,,Yes,Somewhat,Somewhat Often,Somewhat clearly,Landmarks,,Street-level,,Some of each,Yes,Directions,Sometimes,Flexible,Somewhat easily,Scene at a time,,A little,not very skilled,No,,0,0,never,Yes,"Wii,Xbox",No,,,,,,,,,,,,,,,,,,,,,,,,,,,,,,,,,,,,
2022-04-16 06:52:29,2022-04-16 07:25:23,IP Address,128.227.188.116,100,1973,True,2022-04-16 07:25:24,R_22Votj8URb2xgwH,,,,,29.6138,-82.386,anonymous,EN,2034,,Chrome,100.0.4896.88,Windows NT 10.0,1920x1080,19,12,english,right,female,woman,,heterosexual,,asian,,Somewhat disagree,Somewhat agree,Agree,Strongly agree,Disagree,Strongly agree,Somewhat agree,Somewhat disagree,Somewhat agree,Somewhat disagree,Somewhat disagree,Somewhat disagree,Somewhat disagree,Disagree,Somewhat disagree,Scene,,Yes,Somewhat,Very Often,Very clearly,Map Directions,,Street-level,,Some of each,Somewhat,Directions,Sometimes,Somewhat flexile,Somewhat easily,Scene at a time,,A moderate amount,moderately good,No,,8,10-15,few times a year,No,,Yes,few times a year,16-20,Not Applicable,,,,,,,,,,,,,,,,,,,,,,,,,,,,,,,,,
2022-04-16 08:11:51,2022-04-16 08:33:24,IP Address,128.227.188.116,100,1293,True,2022-04-16 08:33:24,R_2zBfXRuuXL7VOKq,,,,,29.6138,-82.386,anonymous,EN,2035,,Chrome,100.0.4896.88,Windows NT 10.0,1920x1080,24,16,english,right,male,man,,heterosexual,,asian,,Somewhat agree,Somewhat disagree,Somewhat agree,Agree,Disagree,Agree,Somewhat agree,Somewhat agree,Somewhat agree,Disagree,Somewhat disagree,Disagree,Somewhat agree,Agree,Somewhat disagree,Scene,,Yes,Somewhat,Very Rarely,Somewhat clearly,Landmarks,,Street-level,,Know it,Somewhat,Directions,Sometimes,Somewhat flexile,Somewhat easily,Scene at a time,,A moderate amount,very good,Yes,weekly,3,20+,weekly,Yes,"Xbox,PC/Mac,Mobile",Yes,few times a year,10-15,Valorant,Overwatch,Pokemon Go,FIFA,"First-person shooter,Strategy,Sports",,,,,,,1,,,,,,,,,,,2,,,,,,,3,,,,
2022-04-16 09:23:38,2022-04-16 10:31:30,IP Address,128.227.188.116,100,4072,True,2022-04-16 10:31:31,R_3w9GSl1L2DQ6fJL,,,,,29.6138,-82.386,anonymous,EN,2036,,Chrome,100.0.4896.88,Windows NT 10.0,1920x1080,20,14,english,right,female,woman,,heterosexual,,black/afri-amer,,Agree,Somewhat disagree,Neutral,Agree,Disagree,Somewhat agree,Neutral,Disagree,Neutral,Strongly disagree,Neutral,Strongly disagree,Disagree,Strongly agree,Disagree,Scene,,Yes,Somewhat,Very Rarely,Somewhat clearly,Landmarks,,Street-level,,Some of each,Somewhat,Directions,Often,Flexible,Not easily,Scene at a time,,A little,not very skilled,No,,0,1-5,few times a year,No,,Yes,few times a year,1-5,N/A,,,,,,,,,,,,,,,,,,,,,,,,,,,,,,,,,
2022-04-16 11:31:07,2022-04-16 12:08:55,IP Address,128.227.188.116,100,2268,True,2022-04-16 12:08:56,R_1IJYWiHXDOh2MgE,,,,,29.6138,-82.386,anonymous,EN,2037,,Chrome,100.0.4896.88,Windows NT 10.0,1920x1080,19,13,english,right,female,woman,,heterosexual,,"hisp,white",,Neutral,Somewhat agree,Agree,Somewhat disagree,Neutral,Neutral,Disagree,Somewhat disagree,Neutral,Somewhat agree,Neutral,Strongly disagree,Neutral,Somewhat disagree,Neutral,Scene,,Yes,Somewhat,Somewhat Often,Somewhat clearly,Landmarks,,Bird's Eye View,,Know it,Yes,Map,Often,Somewhat flexile,Not easily,Scene at a time,,A little,not very skilled,No,,0,0,never,No,,Yes,never,0,not applicable,,,,,,,,,,,,,,,,,,,,,,,,,,,,,,,,,
2022-04-16 13:00:29,2022-04-16 13:39:27,IP Address,128.227.188.116,100,2338,True,2022-04-16 13:39:27,R_ZEImXWcSCppl6JX,,,,,29.6138,-82.386,anonymous,EN,2038,,Chrome,100.0.4896.88,Windows NT 10.0,1920x1080,19,14,english,not right,male,man,,heterosexual,,"asian,hisp,white",,Agree,Disagree,Agree,Agree,Strongly disagree,Neutral,Disagree,Disagree,Neutral,Neutral,Somewhat agree,Somewhat disagree,Neutral,Neutral,Somewhat disagree,Scene,,Yes,Somewhat,Somewhat Often,Very clearly,Landmarks,,Street-level,,Some of each,Somewhat,Map,Often,Flexible,Somewhat easily,Scene at a time,,A lot,very good,No,,,16-20,weekly,Yes,"Xbox,PC/Mac,Mobile",Yes,few times a year,16-20,Destiny,Super smash bros,pokemon,call of duty,"First-person shooter,Adventure Fighting,Action",3,2,,,,,1,,,,,,,,,,,,,,,,,,,,,,
2022-04-16 14:20:51,2022-04-16 15:02:49,IP Address,128.227.188.116,100,2517,True,2022-04-16 15:02:49,R_2fqtUwOFDqXNEsU,,,,,29.6138,-82.386,anonymous,EN,2039,,Chrome,100.0.4896.88,Windows NT 10.0,1920x1080,19,13,english,right,female,woman,,heterosexual,,white,,Somewhat disagree,Agree,Somewhat disagree,Strongly disagree,Strongly disagree,Strongly agree,Strongly disagree,Agree,Disagree,Strongly agree,Agree,Somewhat disagree,Strongly agree,Strongly disagree,Strongly agree,Scene,,No,No,Very Often,Somewhat clearly,Landmarks,,Street-level,,Neet to look around,Somewhat,Directions,Sometimes,Prefer the same route,Not easily,Scene at a time,,A little,not very skilled,No,,5,10-15,few times a year,Yes,"Wii,PC/Mac,Mobile",Yes,never,6-10,Not Applicable,,,,Role-playing,,,,,,,,,,,,,,,,,,,,,,1,,,,,,,
2022-04-18 07:34:37,2022-04-18 07:42:36,IP Address,128.227.188.116,100,479,True,2022-04-18 07:42:36,R_1jVAinvNwQTAp0c,,,,,29.6138,-82.386,anonymous,EN,2040,,Chrome,100.0.4896.88,Windows NT 10.0,1920x1080,18,13,english,right,male,man,,homosexual,,asian,,Neutral,Somewhat disagree,Somewhat disagree,Disagree,Neutral,Strongly agree,Neutral,Somewhat agree,Somewhat agree,Strongly agree,Somewhat agree,Somewhat disagree,Strongly agree,Disagree,Somewhat agree,Scene,,No,Somewhat,Somewhat Often,Somewhat clearly,Landmarks,,Street-level,,Neet to look around,Somewhat,Map,Often,Somewhat flexile,Not easily,Scene at a time,,A moderate amount,moderately good,Yes,daily,10,16-20,weekly,Yes,"PlayStation,Nintendo Switch,Nintendo DS/3DS,PC/Mac,Mobile",Yes,weekly,10-15,Genshin Impact,FFXIV,Terraria,Minecraft,"Mass. Multi. Online Games,Real-time and turn-based tactical,Role-playing",,,,,,,,,,1,,,,,,,,,,2,,3,,,,,,,
2022-04-18 08:30:23,2022-04-18 08:58:26,IP Address,128.227.188.116,100,1683,True,2022-04-18 08:58:27,R_2R7CymxFJflAcyX,,,,,29.6138,-82.386,anonymous,EN,2041,,Chrome,100.0.4896.88,Windows NT 10.0,1920x1080,19,13,english,right,female,woman,,heterosexual,,white,,Somewhat agree,Somewhat agree,Disagree,Agree,Disagree,Somewhat agree,Strongly disagree,Somewhat disagree,Disagree,Somewhat disagree,Somewhat agree,Somewhat disagree,Agree,Somewhat agree,Neutral,Scene,,No,Somewhat,Somewhat Often,Very clearly,Landmarks,,Street-level,,Some of each,Yes,Map,Often,Somewhat flexile,Not easily,Scene at a time,,A great deal,very good,Yes,weekly,12,16-20,weekly,Yes,"Nintendo Switch,PC/Mac",Yes,weekly,16-20,Monster Hunter,Mario Kart,Final Fantasy,Phasmaphobia,"Adventure Fighting,Action,First-person shooter",2,1,,,,,3,,,,,,,,,,,,,,,,,,,,,,
2022-04-18 09:37:04,2022-04-18 11:02:11,IP Address,128.227.188.116,100,5107,True,2022-04-18 11:02:12,R_2zTvNquw4B8i7cO,,,,,29.6138,-82.386,anonymous,EN,2042,,Chrome,100.0.4896.88,Windows NT 10.0,1920x1080,19,13,english,right,female,woman,,heterosexual,,white,,Somewhat agree,Disagree,Neutral,Somewhat agree,Strongly disagree,Somewhat agree,Somewhat disagree,Disagree,Neutral,Disagree,Agree,Strongly disagree,Neutral,Disagree,Disagree,Scene,,Yes,Somewhat,Very Rarely,Very clearly,Landmarks,,Street-level,,Some of each,Somewhat,Map,Often,Prefer the same route,Not easily,Maps,,A moderate amount,moderately good,No,,Not sure,1-5,monthly,Yes,"PlayStation,Nintendo Switch,PC/Mac,Mobile",Yes,few times a year,1-5,Sims 4,Minecraft,,,,,,,,,,,,,,,,,,,,,,,,,,,,,,,,
2022-04-18 12:03:37,2022-04-18 12:43:58,IP Address,128.227.188.116,100,2420,True,2022-04-18 12:43:58,R_1LRq3L3h6JQzqTX,,,,,29.6138,-82.386,anonymous,EN,2043,,Chrome,100.0.4896.88,Windows NT 10.0,1920x1080,21,15,not english,right,male,man,,heterosexual,,asian,,Disagree,Neutral,Disagree,Somewhat disagree,Disagree,Neutral,Agree,Somewhat disagree,Agree,Disagree,Somewhat disagree,Somewhat disagree,Disagree,Somewhat agree,Disagree,Map,,Yes,Yes,Very Rarely,Somewhat clearly,Landmarks,,Bird's Eye View,,Some of each,Somewhat,Map,Often,Flexible,Very easily,Maps,,A great deal,very good,Yes,daily,12,20+,daily,Yes,"Nintendo Switch,Xbox,PC/Mac,Mobile",Yes,daily,20+,Monster Hunter,Dying Light,GTA,Minecraft,"Role-playing,Mass. Multi. Online Games,Adventure Fighting",,3,,,,,,,,2,,,,,,,,,,,,1,,,,,,,
2022-04-18 13:30:17,2022-04-18 13:39:17,IP Address,128.227.188.116,100,539,True,2022-04-18 13:39:18,R_2v7BtIf33PQAJkH,,,,,29.6138,-82.386,anonymous,EN,2044,,Chrome,100.0.4896.88,Windows NT 10.0,1920x1080,19,13,english,right,male,man,,heterosexual,,hisp,,Neutral,Somewhat agree,Somewhat agree,Somewhat agree,Somewhat agree,Somewhat agree,Somewhat agree,Somewhat agree,Somewhat agree,Somewhat agree,Somewhat agree,Somewhat agree,Somewhat agree,Somewhat agree,Somewhat agree,Map,,Yes,Yes,Very Often,Somewhat clearly,Map Directions,,Street-level,,Some of each,Somewhat,Directions,Sometimes,Somewhat flexile,Somewhat easily,Maps,,A lot,very good,Yes,weekly,,1-5,weekly,Yes,PlayStation,Yes,daily,1-5,mlb,2k,madden,warcraft,"Sports,Flight,Arcade",,,3,,,,,2,,,,,,,,,,,,,,,,,1,,,,
2022-04-18 15:13:09,2022-04-18 15:24:09,IP Address,128.227.188.116,100,660,True,2022-04-18 15:24:09,R_3nDxUeUhNfAkAPs,,,,,29.6138,-82.386,anonymous,EN,2045,,Chrome,100.0.4896.127,Windows NT 10.0,1920x1080,19,13,not english,right,female,woman,,heterosexual,,hisp,,Agree,Disagree,Agree,Agree,Strongly disagree,Agree,Agree,Disagree,Agree,Somewhat disagree,Disagree,Strongly disagree,Somewhat agree,Strongly disagree,Disagree,Map,,Yes,Somewhat,Somewhat Often,Somewhat clearly,Map Directions,,Bird's Eye View,,Some of each,Somewhat,Map,Sometimes,Somewhat flexile,Somewhat easily,Maps,,A moderate amount,moderately good,Yes,weekly,12,1-5,weekly,Yes,"Wii,Wii U,Nintendo Switch,Nintendo DS/3DS,Mobile",Yes,monthly,1-5,Animal Crossing,Mario Kart,Luigi's Mansion,Wii Party,"City-building games,Adventure Fighting,Arcade",,2,3,1,,,,,,,,,,,,,,,,,,,,,,,,,
2022-04-19 11:53:24,2022-04-19 12:10:00,IP Address,128.227.188.116,100,995,True,2022-04-19 12:10:00,R_bP1yxXSMOfKZta9,,,,,29.6138,-82.386,anonymous,EN,2046,,Chrome,100.0.4896.127,Windows NT 10.0,1920x1080,19,14,english,right,male,man,,heterosexual,,white,,Agree,Somewhat disagree,Agree,Strongly agree,Strongly agree,Somewhat disagree,Agree,Disagree,Agree,Somewhat disagree,Disagree,Strongly disagree,Somewhat agree,Agree,Disagree,Map,,Yes,Yes,Very Rarely,Very clearly,Landmarks,,Street-level,,Some of each,Somewhat,Map,Often,Somewhat flexile,Very easily,Maps,,A lot,moderately good,Yes,weekly,5,6-10,weekly,Yes,"PC/Mac,Mobile",Yes,weekly,1-5,Grand Theft Auto,Battlefield,Red Dead,,"First-person shooter,Strategy war games,City-building games",,,,3,,,1,,,,,,,,,,,,,,,,,,,,2,,
2022-04-19 12:55:14,2022-04-19 13:29:30,IP Address,128.227.188.116,100,2055,True,2022-04-19 13:29:30,R_1LqDsM9cXlGr4FZ,,,,,29.6138,-82.386,anonymous,EN,2047,,Chrome,100.0.4896.127,Windows NT 10.0,1920x1080,19,12,english,right,female,woman,,heterosexual,,hisp,,Somewhat disagree,Somewhat agree,Neutral,Disagree,Somewhat disagree,Somewhat agree,Somewhat disagree,Somewhat agree,Somewhat disagree,Somewhat agree,Neutral,Somewhat disagree,Agree,Somewhat disagree,Somewhat agree,Scene,,No,Somewhat,Very Often,Somewhat clearly,Landmarks,,Street-level,,Some of each,Somewhat,Directions,Often,Somewhat flexile,Somewhat easily,Scene at a time,,A little,not very skilled,No,,1,1-5,few times a year,No,,Yes,few times a year,1-5,Grand Theft Auto,,,,"Racing,Sports,Action",3,,,,,,,,,,,,,,,,,,1,,,,,,2,,,,
2022-04-20 09:50:55,2022-04-20 10:05:00,IP Address,128.227.188.116,100,844,True,2022-04-20 10:05:00,R_1ePFQCjvPxFEkaV,,,,,29.6138,-82.386,anonymous,EN,2048,,Chrome,100.0.4896.127,Windows NT 10.0,1920x1080,19,13,english,right,male,man,,homosexual,,white,,Strongly disagree,Somewhat disagree,Disagree,Somewhat disagree,Strongly disagree,Agree,Somewhat disagree,Somewhat agree,Disagree,Agree,Strongly agree,Agree,Strongly agree,Disagree,Somewhat disagree,Map,,No,Somewhat,Somewhat Often,Somewhat clearly,Landmarks,,Bird's Eye View,,Know it,Rarely,Map,Often,Prefer the same route,Not easily,Maps,,A great deal,very good,Yes,weekly,15,16-20,weekly,Yes,"PlayStation,Xbox",Yes,weekly,16-20,Witcher 3: Wild Hunt,Ghost of Tsushima,Life Is Strange,Apex Legends,"Role-playing,Adventure Fighting,Stealth",,2,,,,,,,,,,,,,,,,,,,,1,,,,3,,,
2022-04-20 11:07:29,2022-04-20 11:16:50,IP Address,128.227.188.116,100,560,True,2022-04-20 11:16:50,R_5aHUTKqqSz2nsmR,,,,,29.6138,-82.386,anonymous,EN,2049,,Chrome,100.0.4896.127,Windows NT 10.0,1920x1080,20,14,english,right,female,woman,,do not wish to say,,asian,,Somewhat disagree,Somewhat disagree,Neutral,Somewhat disagree,Disagree,Agree,Somewhat disagree,Agree,Somewhat disagree,Agree,Agree,Disagree,Agree,Disagree,Agree,Scene,,No,Somewhat,Very Often,Somewhat clearly,Landmarks,,Street-level,,Know it,Somewhat,Map,Often,Somewhat flexile,Not easily,Scene at a time,,A moderate amount,not very skilled,Yes,monthly,10,6-10,monthly,No,,No,,,,,,,,,,,,,,,,,,,,,,,,,,,,,,,,,,,,
2022-06-30 08:07:07,2022-06-30 08:34:32,IP Address,128.227.188.116,100,1644,True,2022-06-30 08:34:32,R_1mDB0bx26TodKXq,,,,,29.6503,-82.3486,anonymous,EN,2050,,Chrome,103.0.0.0,Windows NT 10.0,1920x1080,18,12,english,right,female,woman,,heterosexual,,"asian,white",,Somewhat disagree,Somewhat disagree,Somewhat agree,Disagree,Strongly disagree,Strongly agree,Neutral,Somewhat disagree,Somewhat disagree,Somewhat agree,Neutral,Strongly disagree,Strongly agree,Disagree,Somewhat agree,Scene,,No,Somewhat,Somewhat Often,Somewhat clearly,Landmarks,,Street-level,,Know it,Somewhat,Map,Often,Prefer the same route,Somewhat easily,Scene at a time,,A little,not very skilled,No,,2,1-5,few times a year,No,,Yes,few times a year,1-5,NA,minecraft,,,"Racing,Puzzle,Sports",,,,,,,,,,,,,,,,,2,,1,,,,,,3,,,,
2022-06-30 09:28:52,2022-06-30 09:46:07,IP Address,128.227.188.116,100,1035,True,2022-06-30 09:46:07,R_3OowwdCyOpQC3TL,,,,,29.6503,-82.3486,anonymous,EN,2051,,Chrome,103.0.0.0,Windows NT 10.0,1920x1080,18,12,not english,not right,male,man,,heterosexual,,asian,,Strongly agree,Somewhat agree,Somewhat agree,Strongly agree,Somewhat agree,Disagree,Strongly agree,Strongly disagree,Agree,Disagree,Disagree,Neutral,Somewhat disagree,Agree,Disagree,Map,,Yes,Yes,Very Rarely,Very clearly,Landmarks,,Street-level,,Know it,Yes,Map,Sometimes,Flexible,Somewhat easily,Maps,,A moderate amount,moderately good,No,,8,1-5,monthly,Yes,"Wii,Nintendo DS/3DS,PC/Mac,Mobile",Yes,monthly,6-10,Forza Motorsport 7,Gran Turismo,"Real Racing 3 ",Mario Kart Wii,"Racing,Simulators,Flight",,,,,,,,3,,,,,,,,,,,1,,,,2,,,,,,
2022-07-01 06:32:50,2022-07-01 07:07:44,IP Address,128.227.188.116,100,2093,True,2022-07-01 07:07:45,R_1jKefUF299dKoeR,,,,,29.6503,-82.3486,anonymous,EN,2052,,Chrome,103.0.0.0,Windows NT 10.0,1920x1080,18,12,english,right,female,woman,,bisexual,,black/afri-amer,,Agree,Strongly agree,Strongly disagree,Strongly disagree,Strongly disagree,Strongly agree,Neutral,Disagree,Disagree,Somewhat disagree,Strongly agree,Strongly disagree,Strongly agree,Somewhat agree,Neutral,Scene,,No,Somewhat,Somewhat Often,Somewhat clearly,Other:,"I often would just tell them to look it up because personally I would know how to get there in my head but I would not know how to properly verbalize it. Or if the place they need to get to is close, I would simply walk them to the area myself.",Street-level,,Know it,Somewhat,Map,Sometimes,Prefer the same route,Not easily,Scene at a time,,A lot,moderately good,Yes,weekly,lifetime,1-5,monthly,Yes,"Nintendo Switch,Xbox,Nintendo DS/3DS,PC/Mac,Mobile",Yes,monthly,1-5,Minecraft,Roblox,GTA 5,(most of the recent) Pokemon games,"Real-time and turn-based strategy,Strategy,Mass. Multi. Online Games",,,,,,,,,,3,,,,,,,,2,,,1,,,,,,,,
2022-07-01 08:06:11,2022-07-01 08:33:29,IP Address,128.227.188.116,100,1638,True,2022-07-01 08:33:30,R_29j1zmNXnUFrmOT,,,,,29.6503,-82.3486,anonymous,EN,2053,,Chrome,103.0.0.0,Windows NT 10.0,1920x1080,18,12,english,right,female,woman,,heterosexual,,hisp,,Somewhat agree,Somewhat agree,Somewhat disagree,Agree,Strongly disagree,Neutral,Strongly disagree,Somewhat disagree,Disagree,Somewhat disagree,Somewhat agree,Disagree,Agree,Somewhat agree,Neutral,Scene,,Yes,Somewhat,Very Rarely,Very clearly,Landmarks,,Street-level,,Know it,Rarely,Map,Often,Prefer the same route,Not easily,Scene at a time,,A little,not very skilled,No,,0,1-5,few times a year,No,,No,,,,,,,,,,,,,,,,,,,,,,,,,,,,,,,,,,,,
2022-07-01 09:49:42,2022-07-01 10:02:25,IP Address,128.227.188.116,100,762,True,2022-07-01 10:02:25,R_3FRUkwZu9rIrImF,,,,,29.6503,-82.3486,anonymous,EN,2054,2054,Chrome,103.0.5060.66,Windows NT 10.0,1920x1080,18,12,english,right,female,woman,,heterosexual,,do not wish to say,,Disagree,Agree,Disagree,Somewhat agree,Disagree,Somewhat disagree,Disagree,Agree,Somewhat agree,Disagree,Neutral,Disagree,Disagree,Agree,Disagree,Scene,,Yes,Somewhat,Very Rarely,Somewhat clearly,Landmarks,,Street-level,,Some of each,Somewhat,Directions,Often,Prefer the same route,Not easily,Scene at a time,,None at all,,,,,,,,,,,,,,,,,,,,,,,,,,,,,,,,,,,,,,,,,,,,,
2022-07-01 11:05:21,2022-07-01 11:39:34,IP Address,128.227.188.116,100,2053,True,2022-07-01 11:39:34,R_PSyWKcTYvssrbSp,,,,,29.6503,-82.3486,anonymous,EN,2055,,Chrome,103.0.5060.66,Windows NT 10.0,1920x1080,18,13,not english,right,female,woman,,heterosexual,,asian,,Disagree,Neutral,Somewhat disagree,Disagree,Strongly disagree,Strongly agree,Strongly disagree,Agree,Disagree,Somewhat agree,Agree,Neutral,Agree,Somewhat disagree,Somewhat agree,Scene,,No,No,Somewhat Often,Somewhat clearly,Landmarks,,Street-level,,Know it,Rarely,Directions,Sometimes,Somewhat flexile,Not easily,Scene at a time,,None at all,,,,,,,,,,,,,,,,,,,,,,,,,,,,,,,,,,,,,,,,,,,,,
2022-07-01 12:32:41,2022-07-01 12:55:46,IP Address,128.227.188.116,100,1384,True,2022-07-01 12:55:47,R_0jimtc0Tkyxvko9,,,,,29.6503,-82.3486,anonymous,EN,2056,,Chrome,103.0.5060.66,Windows NT 10.0,1920x1080,19,13,english,right,female,woman,,heterosexual,,white,,Agree,Somewhat disagree,Agree,Disagree,Disagree,Somewhat agree,Strongly disagree,Agree,Neutral,Strongly agree,Strongly disagree,Disagree,Disagree,Somewhat disagree,Neutral,Scene,,Yes,Somewhat,Very Rarely,Very clearly,Landmarks,,Street-level,,Know it,Yes,Directions,Often,Somewhat flexile,Somewhat easily,Scene at a time,,A little,no skill,No,,0,1-5,few times a year,Yes,"PC/Mac,Mobile",Yes,never,1-5,trivia quest,Jungle Run,NA,NA,"Puzzle,Educational,Strategy",,,,,,2,,,,,,,,,,,1,3,,,,,,,,,,,
2022-07-01 13:52:02,2022-07-01 14:37:01,IP Address,128.227.188.116,100,2698,True,2022-07-01 14:37:01,R_WeNuGMgA0vYv8Ln,,,,,29.6503,-82.3486,anonymous,EN,2057,,Chrome,103.0.5060.66,Windows NT 10.0,1920x1080,18,12,english,not right,male,man,,heterosexual,,white,,Somewhat disagree,Somewhat agree,Neutral,Somewhat disagree,Somewhat disagree,Somewhat agree,Strongly disagree,Neutral,Somewhat agree,Somewhat agree,Agree,Strongly disagree,Somewhat agree,Disagree,Neutral,Scene,,No,Somewhat,Somewhat Often,Somewhat clearly,Landmarks,,Street-level,,Neet to look around,Rarely,Map,Often,Prefer the same route,Not easily,Scene at a time,,A moderate amount,moderately good,No,,5,10-15,monthly,Yes,"PlayStation,Wii U,PC/Mac,Mobile",Yes,monthly,10-15,Call of Duty,Minecraft,Fortnite,"Madden ","Action,Sports,Strategy",1,,,,,,,,,,,,,,,,,3,,,,,,,2,,,,
2022-07-02 07:52:43,2022-07-02 08:38:44,IP Address,128.227.188.116,100,2761,True,2022-07-02 08:38:44,R_1r1ff8mXr4HTiuR,,,,,29.6503,-82.3486,anonymous,EN,2058,,Chrome,103.0.0.0,Windows NT 10.0,1920x1080,18,12,english,right,female,woman,,heterosexual,,hisp,,Somewhat agree,Disagree,Neutral,Somewhat agree,Somewhat agree,Somewhat disagree,Neutral,Disagree,Somewhat agree,Disagree,Disagree,Strongly disagree,Disagree,Agree,Disagree,Map,,Yes,Somewhat,Very Rarely,Very clearly,Landmarks,,Street-level,,Know it,Somewhat,Map,Sometimes,Somewhat flexile,Very easily,Maps,,A great deal,moderately good,Yes,weekly,6,16-20,weekly,Yes,"PlayStation,Nintendo Switch",Yes,weekly,16-20,LoZ: Breath of the Wild,Apex Legends,LoZ: Hyrule Warriors,Ghost of Tsushima,"Role-playing,Adventure Fighting,Action",3,2,,,,,,,,,,,,,,,,,,,,1,,,,,,,
2022-07-02 09:34:06,2022-07-02 10:15:18,IP Address,128.227.188.116,100,2472,True,2022-07-02 10:15:18,R_1j8qWjYnuwS5nou,,,,,29.6503,-82.3486,anonymous,EN,2059,,Chrome,103.0.0.0,Windows NT 10.0,1920x1080,18,12,english,right,female,woman,,heterosexual,,white,,Somewhat disagree,Neutral,Somewhat disagree,Disagree,Disagree,Agree,Disagree,Neutral,Somewhat disagree,Somewhat disagree,Agree,Disagree,Agree,Somewhat disagree,Agree,Scene,,No,Somewhat,Somewhat Often,Somewhat clearly,Landmarks,,Bird's Eye View,,Neet to look around,Somewhat,Map,Often,Somewhat flexile,Not easily,Maps,,A little,not very skilled,No,,0,1-5,few times a year,No,,Yes,few times a year,1-5,Minecraft,Pub G,Fortnite,,"First-person shooter,Arcade,City-building games",,,2,3,,,1,,,,,,,,,,,,,,,,,,,,,,
2022-07-05 07:04:27,2022-07-05 07:47:30,IP Address,128.227.188.116,100,2583,True,2022-07-05 07:47:31,R_1jBvGsQLEeZAdr1,,,,,29.6503,-82.3486,anonymous,EN,2060,,Chrome,103.0.0.0,Windows NT 10.0,1920x1080,18,12,english,right,female,woman,,heterosexual,,asian,,Somewhat agree,Agree,Somewhat agree,Neutral,Strongly disagree,Strongly agree,Disagree,Neutral,Disagree,Strongly agree,Agree,Disagree,Strongly agree,Somewhat agree,Somewhat agree,Scene,,No,Somewhat,Somewhat Often,Somewhat clearly,Landmarks,,Street-level,,Some of each,Somewhat,Directions,Often,Prefer the same route,Not easily,Scene at a time,,A little,no skill,No,,>1,1-5,never,Yes,"Nintendo Switch,Mobile",Yes,few times a year,1-5,GTA,N/A,N/A,N/A,"Puzzle,Arcade,Maze",,,2,,,,,,,,,3,,,,,1,,,,,,,,,,,,
2022-07-05 08:33:16,2022-07-05 09:04:26,IP Address,128.227.188.116,100,1870,True,2022-07-05 09:04:26,R_3hchp7QKxX0O6c0,,,,,29.6503,-82.3486,anonymous,EN,2061,,Chrome,103.0.0.0,Windows NT 10.0,1920x1080,18,12,english,right,female,woman,,heterosexual,,white,,Agree,Disagree,Somewhat agree,Strongly agree,Agree,Disagree,Neutral,Somewhat disagree,Agree,Disagree,Disagree,Strongly disagree,Somewhat disagree,Agree,Disagree,Scene,,Yes,Yes,Very Rarely,Very clearly,Landmarks,,Bird's Eye View,,Some of each,Yes,Map,Often,Somewhat flexile,Somewhat easily,Scene at a time,,A moderate amount,moderately good,No,,10,6-10,monthly,No,,Yes,few times a year,6-10,Sims,Minecraft,Rocket League,Dead By Daylight,"Simulators,Survival/Horror,Strategy",,,,,,,,,,,,,,,,,,3,,,,,1,,,,,2,
2022-07-05 09:55:07,2022-07-05 10:37:14,IP Address,128.227.188.116,100,2527,True,2022-07-05 10:37:15,R_1jVYQiTIXYzfl1N,,,,,29.6503,-82.3486,anonymous,EN,2062,,Chrome,103.0.0.0,Windows NT 10.0,1920x1080,20,14,not english,right,male,man,,heterosexual,,black/afri-amer,,Agree,Disagree,Agree,Agree,Disagree,Somewhat disagree,Somewhat agree,Disagree,Somewhat agree,Somewhat disagree,Neutral,Disagree,Somewhat agree,Somewhat disagree,Somewhat disagree,Map,,Yes,Yes,Very Rarely,Very clearly,Landmarks,,Street-level,,Know it,Yes,Map,Sometimes,Somewhat flexile,Not easily,Scene at a time,,A moderate amount,moderately good,Yes,weekly,3,6-10,weekly,Yes,"PC/Mac,Mobile",Yes,monthly,6-10,GTA,Forza,God of War 4,NBA 2K22,"Action,Adventure Fighting,Sports",1,2,,,,,,,,,,,,,,,,,,,,,,,3,,,,
2022-07-05 12:02:08,2022-07-05 12:12:27,IP Address,128.227.188.116,100,619,True,2022-07-05 12:12:28,R_2U40hGGo9t1uael,,,,,29.6503,-82.3486,anonymous,EN,2063,,Chrome,103.0.0.0,Windows NT 10.0,1920x1080,18,12,english,right,female,woman,,bisexual,,white,,Disagree,Agree,Somewhat agree,Somewhat disagree,Strongly disagree,Strongly agree,Neutral,Strongly agree,Neutral,Strongly agree,Strongly agree,Disagree,Agree,Strongly disagree,Strongly agree,Scene,,No,Yes,Somewhat Often,Somewhat clearly,Landmarks,,Street-level,,Some of each,Somewhat,No preference,Often,Prefer the same route,Not easily,Scene at a time,,A moderate amount,not very skilled,Yes,monthly,10,6-10,few times a year,Yes,"Nintendo Switch,Nintendo DS/3DS,Mobile",Yes,few times a year,1-5,Pokemon,Animal Crossing,MarioKart,,"Mass. Multi. Online Games,Action,Adventure Fighting",2,3,,,,,,,,1,,,,,,,,,,,,,,,,,,,
2022-07-05 13:12:10,2022-07-05 13:38:42,IP Address,128.227.188.116,100,1591,True,2022-07-05 13:38:43,R_3oXDcBao7oh8fTW,,,,,29.6503,-82.3486,anonymous,EN,2064,,Chrome,103.0.0.0,Windows NT 10.0,1920x1080,18,12,english,right,male,man,,heterosexual,,black/afri-amer,,Somewhat agree,Neutral,Somewhat agree,Somewhat disagree,Somewhat disagree,Neutral,Somewhat agree,Somewhat disagree,Somewhat agree,Agree,Disagree,Disagree,Agree,Disagree,Somewhat disagree,Map,,No,Yes,Very Rarely,Somewhat clearly,Landmarks,,Street-level,,Some of each,Yes,Map,Often,Flexible,Somewhat easily,Scene at a time,,A little,not very skilled,No,,0,0,few times a year,Yes,Mobile,Yes,never,0,Not applicable,,,,,,,,,,,,,,,,,,,,,,,,,,,,,,,,,
2022-07-05 14:34:49,2022-07-05 14:50:53,IP Address,128.227.188.116,100,963,True,2022-07-05 14:50:53,R_33p7FgggWMtl624,,,,,29.6503,-82.3486,anonymous,EN,2065,,Chrome,103.0.0.0,Windows NT 10.0,1920x1080,19,13,english,right,male,man,,heterosexual,,"hisp,white",,Somewhat agree,Disagree,Agree,Agree,Somewhat agree,Somewhat disagree,Neutral,Disagree,Somewhat agree,Somewhat agree,Somewhat disagree,Disagree,Disagree,Neutral,Disagree,Map,,Yes,Yes,Very Rarely,Very clearly,Landmarks,,Street-level,,Some of each,Somewhat,Map,Often,Prefer the same route,Somewhat easily,Scene at a time,,A lot,moderately good,Yes,weekly,4,16-20,weekly,Yes,"PlayStation,Nintendo Switch,Xbox,PC/Mac,Mobile",Yes,weekly,10-15,Skyrim,GTA 5,Batman: Arkham Knight,Call of Duty: Modern Warfare 3,"Action,First-person shooter,Strategy",1,,,,,,2,,,,,,,,,,,3,,,,,,,,,,,
2022-07-07 07:21:46,2022-07-07 07:33:14,IP Address,128.227.188.116,100,688,True,2022-07-07 07:33:14,R_3p3g5BWnH8OYDLJ,,,,,29.6503,-82.3486,anonymous,EN,2066,,Chrome,103.0.0.0,Windows NT 10.0,1920x1080,20,14,english,right,male,man,,heterosexual,,white,,Somewhat agree,Somewhat agree,Somewhat agree,Somewhat agree,Disagree,Somewhat disagree,Neutral,Somewhat disagree,Somewhat disagree,Agree,Neutral,Somewhat disagree,Disagree,Strongly disagree,Neutral,Map,,Yes,Somewhat,Very Rarely,Very clearly,Landmarks,,Street-level,,Know it,Somewhat,Map,Sometimes,Prefer the same route,Not easily,Maps,,A great deal,very good,Yes,daily,10,20+,weekly,Yes,"Nintendo Switch,PC/Mac",Yes,monthly,1-5,"Rocket League ",Overwatch,CS:GO,Apex Legends,"First-person shooter,Mass. Multi. Online Games,Adventure Fighting",,3,,,,,1,,,2,,,,,,,,,,,,,,,,,,,
2022-07-11 07:21:43,2022-07-11 07:39:51,IP Address,128.227.188.116,100,1087,True,2022-07-11 07:39:51,R_2dLV8RGQq5LMMf1,,,,,29.6503,-82.3486,anonymous,EN,2067,,Chrome,103.0.0.0,Windows NT 10.0,1920x1080,21,15,english,not right,male,man,,homosexual,,white,,Somewhat agree,Somewhat disagree,Disagree,Somewhat agree,Neutral,Agree,Disagree,Disagree,Somewhat disagree,Somewhat disagree,Somewhat disagree,Disagree,Somewhat disagree,Agree,Somewhat disagree,Scene,,Yes,Somewhat,Very Rarely,Somewhat clearly,Landmarks,,Street-level,,Some of each,Somewhat,No preference,Often,Prefer the same route,Not easily,Maps,,A lot,moderately good,Yes,weekly,13,10-15,weekly,Yes,"PlayStation,PC/Mac,Mobile",Yes,weekly,1-5,Tom Clancy's Rainbow Six Siege,Risk of Rain 2,Raft,Star Citizen,"First-person shooter,Action,Stealth",2,,,,,,1,,,,,,,,,,,,,,,,,,,3,,,
2022-07-11 10:50:09,2022-07-11 10:59:35,IP Address,128.227.188.116,100,566,True,2022-07-11 10:59:36,R_3FRP8mSpW2SGCDI,,,,,29.6503,-82.3486,anonymous,EN,2068,,Chrome,103.0.0.0,Windows NT 10.0,1920x1080,20,14,english,right,male,man,,heterosexual,,asian,,Agree,Disagree,Agree,Agree,Agree,Somewhat agree,Strongly agree,Disagree,Agree,Somewhat disagree,Neutral,Strongly disagree,Somewhat disagree,Somewhat agree,Disagree,Map,,Yes,Somewhat,Somewhat Often,Very clearly,Landmarks,,Bird's Eye View,,Some of each,Somewhat,Map,Often,Flexible,Not easily,Maps,,A great deal,very good,Yes,weekly,14,10-15,daily,Yes,"Nintendo Switch,Xbox,PC/Mac,Mobile",Yes,weekly,6-10,Zelda Breath of the Wild,For Honor,Tom Clancy's The Division 2,Tom Clancy's Rainbow Six Siege,"First-person shooter,Adventure Fighting,Strategy",,2,,,,,1,,,,,,,,,,,3,,,,,,,,,,,
2022-07-12 08:56:53,2022-07-12 09:13:51,IP Address,128.227.188.116,100,1017,True,2022-07-12 09:13:51,R_eKvemwXMG2S0uXv,,,,,29.6503,-82.3486,anonymous,EN,2069,,Chrome,103.0.0.0,Windows NT 10.0,1920x1080,24,14,english,right,male,man,,heterosexual,,white,,Somewhat agree,Somewhat disagree,Somewhat agree,Somewhat agree,Somewhat disagree,Somewhat agree,Disagree,Somewhat disagree,Neutral,Somewhat disagree,Neutral,Disagree,Somewhat disagree,Disagree,Neutral,Map,,Yes,Somewhat,Somewhat Often,Somewhat clearly,Landmarks,,Street-level,,Some of each,Rarely,No preference,Often,Somewhat flexile,Not easily,Scene at a time,,A moderate amount,moderately good,Yes,weekly,10,6-10,weekly,Yes,"PlayStation,PC/Mac,Mobile",Yes,weekly,6-10,Valorant,For Honor,Paladins,Rainbow Six Siege,"First-person shooter,Action,Strategy",2,,,,,,1,,,,,,,,,,,3,,,,,,,,,,,
2022-07-13 06:49:52,2022-07-13 07:10:45,IP Address,128.227.188.116,100,1252,True,2022-07-13 07:10:46,R_TjG6jYavm3TySrv,,,,,29.6503,-82.3486,anonymous,EN,2070,,Chrome,103.0.0.0,Windows NT 10.0,1920x1080,18,14,english,right,male,man,,heterosexual,,white,,Disagree,Strongly disagree,Neutral,Somewhat agree,Strongly disagree,Somewhat agree,Somewhat disagree,Disagree,Agree,Disagree,Strongly agree,Somewhat agree,Somewhat disagree,Somewhat agree,Neutral,Scene,,No,Yes,Very Rarely,Very clearly,Landmarks,,Street-level,,Know it,Rarely,Map,Often,Somewhat flexile,Not easily,Scene at a time,,A great deal,very good,No,,10,16-20,weekly,Yes,"Wii,Nintendo Switch,Xbox,PC/Mac",Yes,few times a year,6-10,Call of Duty,Forza Horizon,GTA,FALL GUYS,"Mass. Multi. Online Games,Action,Military",2,,,,,,,,,1,,,3,,,,,,,,,,,,,,,,
2022-07-13 08:04:30,2022-07-13 10:37:48,IP Address,128.227.188.116,100,9197,True,2022-07-13 10:37:48,R_1Qyp4z4Jj8QBu50,,,,,29.6503,-82.3486,anonymous,EN,2071,,Chrome,103.0.0.0,Windows NT 10.0,1920x1080,18,12,english,right,male,man,,heterosexual,,white,,Somewhat agree,Disagree,Somewhat agree,Neutral,Disagree,Agree,Disagree,Disagree,Somewhat agree,Somewhat disagree,Neutral,Disagree,Neutral,Agree,Disagree,Scene,,Yes,Somewhat,Very Rarely,Very clearly,Landmarks,,Street-level,,Some of each,Yes,Directions,Often,Prefer the same route,Not easily,Maps,,A moderate amount,moderately good,Yes,monthly,10,10-15,monthly,Yes,"PlayStation,Xbox,PC/Mac,Mobile",Yes,few times a year,6-10,Madden,Fortnite,NBA 2K,Call of Duty,"Sports,First-person shooter,Action",3,,,,,,2,,,,,,,,,,,,,,,,,,1,,,,
2022-07-15 08:44:09,2022-07-15 08:53:55,IP Address,128.227.188.116,100,586,True,2022-07-15 08:53:56,R_276U1wuI91hOeBj,,,,,29.6503,-82.3486,anonymous,EN,2072,,Chrome,103.0.0.0,Windows NT 10.0,1920x1080,18,12,not english,right,male,man,,heterosexual,,hisp,,Somewhat disagree,Somewhat disagree,Disagree,Somewhat disagree,Somewhat agree,Strongly agree,Neutral,Somewhat disagree,Neutral,Agree,Somewhat agree,Disagree,Agree,Strongly disagree,Somewhat agree,Other:,both,No,Somewhat,Somewhat Often,Very clearly,Landmarks,,Street-level,,Some of each,Somewhat,Map,Often,Prefer the same route,Not easily,Other:,combination of both,A lot,moderately good,Yes,daily,12,20+,weekly,Yes,"Wii,Nintendo Switch,Xbox,Nintendo DS/3DS,PC/Mac,Mobile",Yes,weekly,20+,legend of zelda breath of the wild,slime rancher,valorant,pokemon go,"Role-playing,First-person shooter,Adventure Fighting",,3,,,,,2,,,,,,,,,,,,,,,1,,,,,,,
2022-07-18 08:47:11,2022-07-18 08:55:18,IP Address,128.227.188.116,100,487,True,2022-07-18 08:55:19,R_3FVxaR6K1hkmpkd,,,,,29.6475,-82.404,anonymous,EN,2073,,Chrome,103.0.0.0,Windows NT 10.0,1920x1080,19,13,english,not right,male,man,,heterosexual,,white,,Neutral,Somewhat agree,Agree,Somewhat agree,Disagree,Neutral,Disagree,Somewhat agree,Somewhat agree,Neutral,Agree,Disagree,Agree,Strongly disagree,Agree,Other:,,Yes,No,Somewhat Often,Somewhat clearly,Landmarks,,Bird's Eye View,,Neet to look around,Somewhat,Directions,Often,Flexible,Not easily,Maps,,A moderate amount,moderately good,No,,5,6-10,weekly,Yes,Xbox,No,,,,,,,,,,,,,,,,,,,,,,,,,,,,,,,,,,,,
2022-07-19 08:39:24,2022-07-19 09:04:25,IP Address,128.227.188.116,100,1501,True,2022-07-19 09:04:26,R_3FVXOOfoeZmSGDC,,,,,29.6475,-82.404,anonymous,EN,2074,,Chrome,103.0.0.0,Windows NT 10.0,1920x1080,21,14,english,right,male,man,,heterosexual,,white,,Agree,Somewhat agree,Somewhat agree,Agree,Disagree,Somewhat disagree,Neutral,Disagree,Neutral,Disagree,Somewhat disagree,Strongly disagree,Disagree,Somewhat disagree,Disagree,Scene,,Yes,Yes,Very Rarely,Very clearly,Map Directions,,Street-level,,Know it,Somewhat,Directions,Sometimes,Somewhat flexile,Not easily,Maps,,A great deal,moderately good,Yes,weekly,12,16-20,weekly,Yes,Xbox,Yes,weekly,16-20,MLB the Show,Fall Guys,Grand Theft Auto,Call of Duty,"Sports,First-person shooter,Racing",,,,,,,2,,,,,,,,,,,,3,,,,,,1,,,,
2022-07-19 10:01:10,2022-07-19 10:27:19,IP Address,128.227.188.116,100,1569,True,2022-07-19 10:27:20,R_1GZyPp5mvD2Q7ll,,,,,29.6475,-82.404,anonymous,EN,2075,,Chrome,103.0.0.0,Windows NT 10.0,1920x1080,19,13,english,right,male,man,,heterosexual,,white,,Agree,Neutral,Agree,Agree,Somewhat agree,Somewhat disagree,Strongly agree,Somewhat disagree,Agree,Somewhat disagree,Somewhat disagree,Somewhat disagree,Disagree,Neutral,Disagree,Map,,Yes,Yes,Very Rarely,Somewhat clearly,Landmarks,,Street-level,,Know it,Somewhat,Map,Sometimes,Somewhat flexile,Somewhat easily,Maps,,A moderate amount,moderately good,No,,12,6-10,weekly,No,,Yes,few times a year,6-10,Madden Football,Wii Sports,Mariokart,Super Smash Bros.,"Sports,Racing,Arcade",,,3,,,,,,,,,,,,,,,,2,,,,,,1,,,,
2022-07-19 11:35:29,2022-07-19 12:08:44,IP Address,128.227.188.116,100,1995,True,2022-07-19 12:08:44,R_2z5VAFODKi7msCf,,,,,29.6475,-82.404,anonymous,EN,2076,,Chrome,103.0.0.0,Windows NT 10.0,1920x1080,19,13,english,right,male,man,,bisexual,,white,,Somewhat agree,Somewhat agree,Disagree,Agree,Neutral,Disagree,Agree,Disagree,Agree,Agree,Neutral,Agree,Disagree,Somewhat agree,Disagree,Other:,I memorize number of left or right turns after what i feel is the right distance.,Yes,Yes,Very Rarely,Hardly at all,Map Directions,,Street-level,,Know it,Somewhat,Directions,Sometimes,Prefer the same route,Somewhat easily,Scene at a time,,A little,moderately good,No,,0,1-5,monthly,Yes,Mobile,Yes,few times a year,1-5,Super Smash Bros,Call of Duty Mobile,Jak 3,Zelda,"Other (specify),Action,First-person shooter",2,,,,,,3,,,,1,,,,,,,,,,,,,,,,,,
2022-07-19 12:55:11,2022-07-19 14:55:16,IP Address,128.227.188.116,100,7205,True,2022-07-19 14:55:17,R_2rl3rMUuQvQXZd5,,,,,29.6475,-82.404,anonymous,EN,2077,,Chrome,103.0.0.0,Windows NT 10.0,1920x1080,20,14,english,right,male,man,,heterosexual,,"asian,white",,Somewhat agree,Somewhat agree,Agree,Somewhat agree,Disagree,Somewhat agree,Somewhat disagree,Neutral,Somewhat agree,Somewhat agree,Neutral,Disagree,Neutral,Somewhat disagree,Somewhat disagree,Scene,,Yes,Somewhat,Very Rarely,Very clearly,Landmarks,,Street-level,,Know it,Somewhat,Directions,Often,Somewhat flexile,Not easily,Scene at a time,,A moderate amount,not very skilled,No,,4,6-10,monthly,No,,Yes,few times a year,6-10,Not Applicable,,,,,,,,,,,,,,,,,,,,,,,,,,,,,,,,,
2022-07-20 07:18:05,2022-07-20 07:42:00,IP Address,128.227.188.116,100,1434,True,2022-07-20 07:42:00,R_3g0EpBwRAeSo6OQ,,,,,29.6475,-82.404,anonymous,EN,2078,,Chrome,103.0.0.0,Windows NT 10.0,1920x1080,18,12,english,right,male,man,,heterosexual,,white,,Agree,Agree,Somewhat agree,Agree,Agree,Disagree,Neutral,Somewhat disagree,Agree,Somewhat agree,Somewhat disagree,Strongly disagree,Somewhat disagree,Somewhat agree,Disagree,Scene,,Yes,Yes,Very Rarely,Somewhat clearly,Landmarks,,Street-level,,Know it,Yes,No preference,Often,Flexible,Somewhat easily,Scene at a time,,A moderate amount,very good,No,,11,6-10,weekly,Yes,Xbox,Yes,few times a year,1-5,Fortnite,"NHL ",Apex Legends,Grand Theft Auto,"First-person shooter,Sports,Arcade",,,3,,,,1,,,,,,,,,,,,,,,,,,2,,,,
2022-07-20 12:26:47,2022-07-20 12:36:35,IP Address,128.227.188.116,100,587,True,2022-07-20 12:36:35,R_3ncPK28DEGN6Q2q,,,,,29.6475,-82.404,anonymous,EN,2079,,Chrome,103.0.0.0,Windows NT 10.0,1920x1080,19,13,english,right,male,man,,heterosexual,,white,,Agree,Disagree,Somewhat agree,Strongly agree,Agree,Neutral,Agree,Disagree,Agree,Strongly disagree,Somewhat disagree,Somewhat disagree,Disagree,Agree,Strongly disagree,Other:,Both,Yes,Yes,Very Rarely,Very clearly,Landmarks,,Other:,Both,Some of each,Somewhat,Map,Often,Flexible,Somewhat easily,Maps,,A moderate amount,very good,No,,3,20+,few times a year,Yes,"Xbox,Mobile",Yes,few times a year,16-20,Destiny,Call of Duty,Brawlhalla,Overwatch,"First-person shooter,City-building games,Platform",,,,2,,,1,,,,,,,,,3,,,,,,,,,,,,,
2022-07-21 09:43:25,2022-07-21 10:03:44,IP Address,128.227.188.116,100,1218,True,2022-07-21 10:03:44,R_PvnUwSUobesXIg9,,,,,29.6475,-82.404,anonymous,EN,2080,,Chrome,103.0.0.0,Windows NT 10.0,1920x1080,18,12,english,right,male,man,,heterosexual,,white,,Somewhat disagree,Somewhat agree,Neutral,Somewhat agree,Disagree,Agree,Somewhat agree,Somewhat disagree,Somewhat agree,Agree,Neutral,Disagree,Agree,Somewhat agree,Somewhat disagree,Map,,Yes,Somewhat,Somewhat Often,Somewhat clearly,Landmarks,,Street-level,,Know it,Somewhat,Map,Often,Somewhat flexile,Not easily,Maps,,A great deal,moderately good,Yes,daily,12 years,20+,daily,Yes,"PlayStation,Wii,Wii U,Nintendo Switch,Xbox,Nintendo DS/3DS,Game Boy/Game Boy Color/Game Boy Advance,PC/Mac,Mobile",Yes,daily,10-15,Hollow Knight,Pokemon Brilliant Diamond,Pokemon Legends Arceus,Roblox,"Role-playing,First-person shooter,Adventure Fighting",,3,,,,,2,,,,,,,,,,,,,,,1,,,,,,,
2022-07-22 08:38:15,2022-07-22 09:13:23,IP Address,128.227.188.116,100,2108,True,2022-07-22 09:13:23,R_3KUS6Kt8LQGWEpa,,,,,29.6475,-82.404,anonymous,EN,2081,,Chrome,103.0.0.0,Windows NT 10.0,1920x1080,21,15,english,right,male,man,,heterosexual,,white,,Somewhat disagree,Agree,Agree,Agree,Strongly disagree,Neutral,Strongly agree,Disagree,Somewhat agree,Disagree,Agree,Strongly agree,Strongly agree,Disagree,Somewhat agree,Scene,,No,Somewhat,Very Rarely,Somewhat clearly,Landmarks,,Street-level,,Know it,Somewhat,Map,Often,Flexible,Somewhat easily,Scene at a time,,A great deal,very good,Yes,weekly,12,20+,weekly,Yes,"Wii,Nintendo Switch,Xbox,Nintendo DS/3DS,Game Boy/Game Boy Color/Game Boy Advance,PC/Mac,Mobile",Yes,monthly,20+,Legend of Zelda: Breath of the Wild,Plants Vs Zombies 2,Aragami,Mario Kart 8,"Strategy,Stealth,Racing",,,,,,,,,,,,,,,,,,1,3,,,,,,,2,,,
2022-07-26 08:51:54,2022-07-26 09:04:03,IP Address,128.227.188.116,100,728,True,2022-07-26 09:04:03,R_1eJHfAVXG44hfIM,,,,,29.6475,-82.404,anonymous,EN,2082,,Chrome,103.0.0.0,Windows NT 10.0,1920x1080,21,15,english,right,male,man,,heterosexual,,white,,Neutral,Somewhat disagree,Somewhat agree,Somewhat disagree,Strongly disagree,Somewhat agree,Somewhat disagree,Somewhat agree,Neutral,Agree,Agree,Neutral,Neutral,Somewhat agree,Somewhat agree,Scene,,No,Somewhat,Somewhat Often,Very clearly,Landmarks,,Street-level,,Some of each,Yes,Map,Often,Prefer the same route,Somewhat easily,Maps,,A great deal,very good,No,,12,20+,weekly,Yes,"PlayStation,Wii,Wii U,Nintendo Switch,Xbox,Nintendo DS/3DS,Game Boy/Game Boy Color/Game Boy Advance,PC/Mac,Mobile",Yes,monthly,20+,NBA 2K,Super Smash Bros,GTA,Battlefront/Battlefield,"Sports,First-person shooter,City-building games",,,,3,,,2,,,,,,,,,,,,,,,,,,1,,,,
2022-07-28 07:21:20,2022-07-28 07:42:28,IP Address,128.227.188.116,100,1267,True,2022-07-28 07:42:28,R_A0fMEvWTXFjvbFf,,,,,29.6475,-82.404,anonymous,EN,2083,,Chrome,103.0.0.0,Windows NT 10.0,1920x1080,19,13,english,right,male,man,,heterosexual,,hisp,,Somewhat agree,Neutral,Agree,Strongly agree,Neutral,Somewhat disagree,Somewhat agree,Disagree,Agree,Disagree,Somewhat agree,Strongly disagree,Neutral,Strongly agree,Somewhat disagree,Scene,,Yes,Yes,Very Rarely,Somewhat clearly,Landmarks,,Street-level,,Some of each,Somewhat,Map,Often,Somewhat flexile,Somewhat easily,Maps,,A great deal,moderately good,Yes,daily,9,20+,daily,Yes,PC/Mac,Yes,daily,20+,Valorant,"Apex Legends ","COD: Warzone ","Minecraft ","First-person shooter,Action,Adventure Fighting",2,3,,,,,1,,,,,,,,,,,,,,,,,,,,,,
2022-07-28 08:35:42,2022-07-28 10:49:28,IP Address,128.227.188.116,100,8026,True,2022-07-28 10:49:29,R_02IOUxU9QzF48V3,,,,,29.6475,-82.404,anonymous,EN,2084,,Chrome,103.0.0.0,Windows NT 10.0,1920x1080,18,13,english,right,male,man,,heterosexual,,white,,Neutral,Agree,Somewhat disagree,Somewhat agree,Strongly agree,Agree,Agree,Agree,Somewhat agree,Disagree,Strongly disagree,Disagree,Agree,Agree,Disagree,Map,,Yes,Yes,Somewhat Often,Somewhat clearly,Map Directions,,Bird's Eye View,,Know it,Rarely,Map,Sometimes,Flexible,Not easily,Maps,,A moderate amount,moderately good,Yes,weekly,11,10-15,weekly,Yes,"Wii,Wii U,Nintendo DS/3DS,PC/Mac,Mobile",Yes,few times a year,1-5,Sid Meier's Alpha Centauri,Team Fortress 2,Civ 5,Super Smash Bros Brawl,"Strategy,First-person shooter,Action",3,,,,,,2,,,,,,,,,,,1,,,,,,,,,,,
2022-09-02 12:49:46,2022-09-02 15:25:55,IP Address,64.238.164.2,22,9368,False,2022-09-09 15:25:57,R_2ahrm94MmmY4rij,,,,,,,anonymous,EN,cxxxxx,,Chrome,105.0.0.0,Windows NT 10.0,1290x860,1,1,not english,not right,female,woman,,heterosexual,,white,,,,,,,,,,,,,,,,,,,,,,,,,,,,,,,,,,,,,,,,,,,,,,,,,,,,,,,,,,,,,,,,,,,,,,,,,,,,,,,,
